<?xml version="1.0"?>
<?xml-stylesheet type="text/xsl" href="style3.xsl"?>
<TAGS xmlns="x-schema:schema.xml">  
 
 
<FileName>Bid Response</FileName>  

	<TAG>
		<level0>
			<fieldID> </fieldID>

 			<fieldName>
				<msgName>StandardHeader</msgName>
				<shownName>Standard Header</shownName>
			</fieldName>

			<reqd>Y</reqd>

			<commts>MsgType = l (lowercase L)
</commts>
		</level0>
	</TAG>

	<TAG>
		<level0>
			<fieldID>390</fieldID>

 			<fieldName>
				<hiddenName>BidID</hiddenName>
				<shownName>BidID</shownName>
			</fieldName>

			<reqd>N</reqd>

			<commts>
</commts>
		</level0>
	</TAG>

	<TAG>
		<level0>
			<fieldID>391</fieldID>

 			<fieldName>
				<hiddenName>ClientBidID</hiddenName>
				<shownName>ClientBidID</shownName>
			</fieldName>

			<reqd>N</reqd>

			<commts>
</commts>
		</level0>
	</TAG>

	<TAG>
		<level0>
			<fieldID>420</fieldID>

 			<fieldName>
				<hiddenName>NoBidComponents</hiddenName>
				<shownName>NoBidComponents</shownName>
			</fieldName>

			<reqd>Y</reqd>

			<commts>Number of bid repeating groups
</commts>


 
	<TAG>
		<level1>
			<fieldID>12</fieldID>

 			<fieldName>
				<hiddenName>Commision</hiddenName>
				<shownName>Commision</shownName>
			</fieldName>

			<reqd>Y</reqd>

			<commts>First element of price. Required if NoBidComponents &gt; 0.
</commts>
		</level1>
	</TAG>

 
	<TAG>
		<level1>
			<fieldID>13</fieldID>

 			<fieldName>
				<hiddenName>CommType</hiddenName>
				<shownName>CommType</shownName>
			</fieldName>

			<reqd>Y</reqd>

			<commts>
</commts>
		</level1>
	</TAG>

 
	<TAG>
		<level1>
			<fieldID>66</fieldID>

 			<fieldName>
				<hiddenName>ListID</hiddenName>
				<shownName>ListID</shownName>
			</fieldName>

			<reqd>N</reqd>

			<commts>
</commts>
		</level1>
	</TAG>

 
	<TAG>
		<level1>
			<fieldID>421</fieldID>

 			<fieldName>
				<hiddenName>Country</hiddenName>
				<shownName>Country</shownName>
			</fieldName>

			<reqd>N</reqd>

			<commts>ISO Country Code
</commts>
		</level1>
	</TAG>

 
	<TAG>
		<level1>
			<fieldID>54</fieldID>

 			<fieldName>
				<hiddenName>Side</hiddenName>
				<shownName>Side</shownName>
			</fieldName>

			<reqd>N</reqd>

			<commts>When used in response to a &quot;Disclosed&quot; request indicates whether SideValue1 is Buy or Sell. SideValue2 can be derived by inference.
</commts>
		</level1>
	</TAG>

 
	<TAG>
		<level1>
			<fieldID>44</fieldID>

 			<fieldName>
				<hiddenName>Price</hiddenName>
				<shownName>Price</shownName>
			</fieldName>

			<reqd>N</reqd>

			<commts>Second element of price
</commts>
		</level1>
	</TAG>

 
	<TAG>
		<level1>
			<fieldID>423</fieldID>

 			<fieldName>
				<hiddenName>PriceType</hiddenName>
				<shownName>PriceType</shownName>
			</fieldName>

			<reqd>N</reqd>

			<commts>
</commts>
		</level1>
	</TAG>

 
	<TAG>
		<level1>
			<fieldID>406</fieldID>

 			<fieldName>
				<hiddenName>FairValue</hiddenName>
				<shownName>FairValue</shownName>
			</fieldName>

			<reqd>N</reqd>

			<commts>The difference between the value of a future and the value of the underlying equities after allowing for the discounted cash flows associated with the underlying stocks (E.g. Dividends etc).
</commts>
		</level1>
	</TAG>

 
	<TAG>
		<level1>
			<fieldID>430</fieldID>

 			<fieldName>
				<hiddenName>NetGrossInd</hiddenName>
				<shownName>NetGrossInd</shownName>
			</fieldName>

			<reqd>N</reqd>

			<commts>Net/Gross
</commts>
		</level1>
	</TAG>

 
	<TAG>
		<level1>
			<fieldID>63</fieldID>

 			<fieldName>
				<hiddenName>SettlmntTyp</hiddenName>
				<shownName>SettlmntTyp</shownName>
			</fieldName>

			<reqd>N</reqd>

			<commts>Indicates order settlement period for Detail.
</commts>
		</level1>
	</TAG>

 
	<TAG>
		<level1>
			<fieldID>64</fieldID>

 			<fieldName>
				<hiddenName>FutSettDate</hiddenName>
				<shownName>FutSettDate</shownName>
			</fieldName>

			<reqd>N</reqd>

			<commts>
</commts>
		</level1>
	</TAG>

 
	<TAG>
		<level1>
			<fieldID>336</fieldID>

 			<fieldName>
				<hiddenName>TradingSessionID</hiddenName>
				<shownName>TradingSessionID</shownName>
			</fieldName>

			<reqd>N</reqd>

			<commts>
</commts>
		</level1>
	</TAG>

 
	<TAG>
		<level1>
			<fieldID>58</fieldID>

 			<fieldName>
				<hiddenName>Text</hiddenName>
				<shownName>Text</shownName>
			</fieldName>

			<reqd>N</reqd>

			<commts>
</commts>
		</level1>
	</TAG>

 
	<TAG>
		<level1>
			<fieldID>354</fieldID>

 			<fieldName>
				<hiddenName>EncodedTextLen</hiddenName>
				<shownName>EncodedTextLen</shownName>
			</fieldName>

			<reqd>N</reqd>

			<commts>Must be set if EncodedText field is specified and must immediately precede it.
</commts>
		</level1>
	</TAG>

 
	<TAG>
		<level1>
			<fieldID>355</fieldID>

 			<fieldName>
				<hiddenName>EncodedText</hiddenName>
				<shownName>EncodedText</shownName>
			</fieldName>

			<reqd>N</reqd>

			<commts>Encoded (non-ASCII characters) representation of the Text field in the encoded format specified via the MessageEncoding field.
</commts>
		</level1>	</TAG>		</level0>	</TAG>

	<TAG>
		<level0>
			<fieldID> </fieldID>

 			<fieldName>
				<msgName>StandardTrailer</msgName>
				<shownName>Standard Trailer</shownName>
			</fieldName>

			<reqd>Y</reqd>

			<commts>
</commts>
		</level0>	</TAG>


</TAGS>
