<?xml version="1.0"?>
<?xml-stylesheet type="text/xsl" href="style3.xsl"?>
<TAGS xmlns="x-schema:schema.xml">  
 
 
<FileName>Bid Request</FileName>  

	<TAG>
		<level0>
			<fieldID> </fieldID>

 			<fieldName>
				<msgName>StandardHeader</msgName>
				<shownName>Standard Header</shownName>
			</fieldName>

			<reqd>Y</reqd>

			<commts>MsgType = k (lowercase)
</commts>
		</level0>
	</TAG>

	<TAG>
		<level0>
			<fieldID>390</fieldID>

 			<fieldName>
				<hiddenName>BidID</hiddenName>
				<shownName>BidID</shownName>
			</fieldName>

			<reqd>N</reqd>

			<commts>Required to relate the bid response
</commts>
		</level0>
	</TAG>

	<TAG>
		<level0>
			<fieldID>391</fieldID>

 			<fieldName>
				<hiddenName>ClientBidID</hiddenName>
				<shownName>ClientBidID</shownName>
			</fieldName>

			<reqd>Y</reqd>

			<commts>
</commts>
		</level0>
	</TAG>

	<TAG>
		<level0>
			<fieldID>374</fieldID>

 			<fieldName>
				<hiddenName>BidRequestTransType</hiddenName>
				<shownName>BidRequestTransType</shownName>
			</fieldName>

			<reqd>Y</reqd>

			<commts>Identifies the Bid Request message transaction type
</commts>
		</level0>
	</TAG>

	<TAG>
		<level0>
			<fieldID>392</fieldID>

 			<fieldName>
				<hiddenName>ListName</hiddenName>
				<shownName>ListName</shownName>
			</fieldName>

			<reqd>N</reqd>

			<commts>
</commts>
		</level0>
	</TAG>

	<TAG>
		<level0>
			<fieldID>393</fieldID>

 			<fieldName>
				<hiddenName>TotalNumSecurities</hiddenName>
				<shownName>TotalNumSecurities</shownName>
			</fieldName>

			<reqd>Y</reqd>

			<commts>
</commts>
		</level0>
	</TAG>

	<TAG>
		<level0>
			<fieldID>394</fieldID>

 			<fieldName>
				<hiddenName>BidType</hiddenName>
				<shownName>BidType</shownName>
			</fieldName>

			<reqd>Y</reqd>

			<commts>e.g. &quot;Non Disclosed&quot;,  &quot;Disclosed&quot;, No Bidding Process
</commts>
		</level0>
	</TAG>

	<TAG>
		<level0>
			<fieldID>395</fieldID>

 			<fieldName>
				<hiddenName>NumTickets</hiddenName>
				<shownName>NumTickets</shownName>
			</fieldName>

			<reqd>N</reqd>

			<commts>Total number of tickets/allocations assuming fully executed
</commts>
		</level0>
	</TAG>

	<TAG>
		<level0>
			<fieldID>15</fieldID>

 			<fieldName>
				<hiddenName>Currency</hiddenName>
				<shownName>Currency</shownName>
			</fieldName>

			<reqd>N</reqd>

			<commts>Currency that monetary amounts are expressed in. Assumed USD in absence
</commts>
		</level0>
	</TAG>

	<TAG>
		<level0>
			<fieldID>396</fieldID>

 			<fieldName>
				<hiddenName>SideValue1</hiddenName>
				<shownName>SideValue1</shownName>
			</fieldName>

			<reqd>N</reqd>

			<commts>Expressed in Currency
</commts>
		</level0>
	</TAG>

	<TAG>
		<level0>
			<fieldID>397</fieldID>

 			<fieldName>
				<hiddenName>SideValue2</hiddenName>
				<shownName>SideValue2</shownName>
			</fieldName>

			<reqd>N</reqd>

			<commts>Expressed in Currency
</commts>
		</level0>
	</TAG>

	<TAG>
		<level0>
			<fieldID>398</fieldID>

 			<fieldName>
				<hiddenName>NoBidDescriptors</hiddenName>
				<shownName>NoBidDescriptors</shownName>
			</fieldName>

			<reqd>   N</reqd>

			<commts>Used if BidType=&quot;Non Disclosed&quot;
</commts>


 
	<TAG>
		<level1>
			<fieldID>399</fieldID>

 			<fieldName>
				<hiddenName>BidDescriptorType</hiddenName>
				<shownName>BidDescriptorType</shownName>
			</fieldName>

			<reqd>N</reqd>

			<commts>Required if NoBidDescriptors &gt; 0.  Must be first field in repeating group.
</commts>
		</level1>
	</TAG>

 
	<TAG>
		<level1>
			<fieldID>400</fieldID>

 			<fieldName>
				<hiddenName>BidDescriptor</hiddenName>
				<shownName>BidDescriptor</shownName>
			</fieldName>

			<reqd>N</reqd>

			<commts>
</commts>
		</level1>
	</TAG>

 
	<TAG>
		<level1>
			<fieldID>401</fieldID>

 			<fieldName>
				<hiddenName>SideValueInd</hiddenName>
				<shownName>SideValueInd</shownName>
			</fieldName>

			<reqd>N</reqd>

			<commts>Refers to the SideValue1 or SideValue2. These are used as opposed to Buy or Sell so that the basket can be quoted either way as Buy or Sell.
</commts>
		</level1>
	</TAG>

 
	<TAG>
		<level1>
			<fieldID>404</fieldID>

 			<fieldName>
				<hiddenName>LiquidityValue</hiddenName>
				<shownName>LiquidityValue</shownName>
			</fieldName>

			<reqd>N</reqd>

			<commts>Value between Liquidity1 and Liquidity2 in Currency
</commts>
		</level1>
	</TAG>

 
	<TAG>
		<level1>
			<fieldID>441</fieldID>

 			<fieldName>
				<hiddenName>LiquidityNumSecurities</hiddenName>
				<shownName>LiquidityNumSecurities</shownName>
			</fieldName>

			<reqd>N</reqd>

			<commts>Number of Securites between Liquidity1 and Liquidity2 in Currency
</commts>
		</level1>
	</TAG>

 
	<TAG>
		<level1>
			<fieldID>402</fieldID>

 			<fieldName>
				<hiddenName>LiquidityPctLow</hiddenName>
				<shownName>LiquidityPctLow</shownName>
			</fieldName>

			<reqd>N</reqd>

			<commts>Liquidity indicator or lower limit if LiquidityNumSecurities &gt; 1
</commts>
		</level1>
	</TAG>

 
	<TAG>
		<level1>
			<fieldID>403</fieldID>

 			<fieldName>
				<hiddenName>LiquidityPctHigh</hiddenName>
				<shownName>LiquidityPctHigh</shownName>
			</fieldName>

			<reqd>N</reqd>

			<commts>Upper liquidity indicator if LiquidityNumSecurities &gt; 1
</commts>
		</level1>
	</TAG>

 
	<TAG>
		<level1>
			<fieldID>405</fieldID>

 			<fieldName>
				<hiddenName>EFPTrackingError</hiddenName>
				<shownName>EFPTrackingError</shownName>
			</fieldName>

			<reqd>N</reqd>

			<commts>Eg Used in EFP (Exchange For Physical) trades 12%
</commts>
		</level1>
	</TAG>

 
	<TAG>
		<level1>
			<fieldID>406</fieldID>

 			<fieldName>
				<hiddenName>FairValue</hiddenName>
				<shownName>FairValue</shownName>
			</fieldName>

			<reqd>N</reqd>

			<commts>Used in EFP trades
</commts>
		</level1>
	</TAG>

 
	<TAG>
		<level1>
			<fieldID>407</fieldID>

 			<fieldName>
				<hiddenName>OutsideIndexPct</hiddenName>
				<shownName>OutsideIndexPct</shownName>
			</fieldName>

			<reqd>N</reqd>

			<commts>Used in EFP trades
</commts>
		</level1>
	</TAG>

 
	<TAG>
		<level1>
			<fieldID>408</fieldID>

 			<fieldName>
				<hiddenName>ValueOfFutures</hiddenName>
				<shownName>ValueOfFutures</shownName>
			</fieldName>

			<reqd>N</reqd>

			<commts>Used in EFP trades
</commts>
		</level1>	</TAG>		</level0>	</TAG>

	<TAG>
		<level0>
			<fieldID>420</fieldID>

 			<fieldName>
				<hiddenName>NoBidComponents</hiddenName>
				<shownName>NoBidComponents</shownName>
			</fieldName>

			<reqd>N</reqd>

			<commts>Used if BidType=&quot;Disclosed&quot;
</commts>


 
	<TAG>
		<level1>
			<fieldID>66</fieldID>

 			<fieldName>
				<hiddenName>ListID</hiddenName>
				<shownName>ListID</shownName>
			</fieldName>

			<reqd>N</reqd>

			<commts>Required if NoBidComponents &gt; 0.  Must be first field in repeating group.
</commts>
		</level1>
	</TAG>

 
	<TAG>
		<level1>
			<fieldID>54</fieldID>

 			<fieldName>
				<hiddenName>Side</hiddenName>
				<shownName>Side</shownName>
			</fieldName>

			<reqd>N</reqd>

			<commts>When used in request for a &quot;Disclosed&quot; bid indicates that bid is required on assumption that SideValue1 is Buy or Sell. SideValue2 can be derived by inference.
</commts>
		</level1>
	</TAG>

 
	<TAG>
		<level1>
			<fieldID>336</fieldID>

 			<fieldName>
				<hiddenName>TradingSessionID</hiddenName>
				<shownName>TradingSessionID</shownName>
			</fieldName>

			<reqd>N</reqd>

			<commts>Indicates off-exchange type activities for Detail.
</commts>
		</level1>
	</TAG>

 
	<TAG>
		<level1>
			<fieldID>430</fieldID>

 			<fieldName>
				<hiddenName>NetGrossInd</hiddenName>
				<shownName>NetGrossInd</shownName>
			</fieldName>

			<reqd>N</reqd>

			<commts>Indicates Net or Gross for selling Detail.
</commts>
		</level1>
	</TAG>

 
	<TAG>
		<level1>
			<fieldID>63</fieldID>

 			<fieldName>
				<hiddenName>SettlmntTyp</hiddenName>
				<shownName>SettlmntTyp</shownName>
			</fieldName>

			<reqd>N</reqd>

			<commts>Indicates order settlement period for Detail.
</commts>
		</level1>
	</TAG>

 
	<TAG>
		<level1>
			<fieldID>64</fieldID>

 			<fieldName>
				<hiddenName>FutSettDate</hiddenName>
				<shownName>FutSettDate</shownName>
			</fieldName>

			<reqd></reqd>

			<commts>
</commts>
		</level1>
	</TAG>

 
	<TAG>
		<level1>
			<fieldID>1</fieldID>

 			<fieldName>
				<hiddenName>Account</hiddenName>
				<shownName>Account</shownName>
			</fieldName>

			<reqd></reqd>

			<commts>
</commts>
		</level1>	</TAG>		</level0>	</TAG>

	<TAG>
		<level0>
			<fieldID>409</fieldID>

 			<fieldName>
				<hiddenName>LiquidityIndType</hiddenName>
				<shownName>LiquidityIndType</shownName>
			</fieldName>

			<reqd>N</reqd>

			<commts>
</commts>
		</level0>
	</TAG>

	<TAG>
		<level0>
			<fieldID>410</fieldID>

 			<fieldName>
				<hiddenName>WtAverageLiquidity</hiddenName>
				<shownName>WtAverageLiquidity</shownName>
			</fieldName>

			<reqd>N</reqd>

			<commts>Overall weighted average liquidity expressed as a % of average daily volume
</commts>
		</level0>
	</TAG>

	<TAG>
		<level0>
			<fieldID>411</fieldID>

 			<fieldName>
				<hiddenName>ExchangeForPhysical</hiddenName>
				<shownName>ExchangeForPhysical</shownName>
			</fieldName>

			<reqd>N</reqd>

			<commts>
</commts>
		</level0>
	</TAG>

	<TAG>
		<level0>
			<fieldID>412</fieldID>

 			<fieldName>
				<hiddenName>OutSideMainCountryIndex</hiddenName>
				<shownName>OutSideMainCountryIndex</shownName>
			</fieldName>

			<reqd>N</reqd>

			<commts>% value of stocks outside main country in Currency
</commts>
		</level0>
	</TAG>

	<TAG>
		<level0>
			<fieldID>413</fieldID>

 			<fieldName>
				<hiddenName>CrossPercent</hiddenName>
				<shownName>CrossPercent</shownName>
			</fieldName>

			<reqd>N</reqd>

			<commts>% of program that crosses in Currency
</commts>
		</level0>
	</TAG>

	<TAG>
		<level0>
			<fieldID>414</fieldID>

 			<fieldName>
				<hiddenName>ProgRptReqs</hiddenName>
				<shownName>ProgRptReqs</shownName>
			</fieldName>

			<reqd>N</reqd>

			<commts>
</commts>
		</level0>
	</TAG>

	<TAG>
		<level0>
			<fieldID>415</fieldID>

 			<fieldName>
				<hiddenName>ProgPeriodInterval</hiddenName>
				<shownName>ProgPeriodInterval</shownName>
			</fieldName>

			<reqd>N</reqd>

			<commts>Time in minutes between each ListStatus report sent by SellSide. Zero means don't send status.
</commts>
		</level0>
	</TAG>

	<TAG>
		<level0>
			<fieldID>416</fieldID>

 			<fieldName>
				<hiddenName>IncTaxInd</hiddenName>
				<shownName>IncTaxInd</shownName>
			</fieldName>

			<reqd>N</reqd>

			<commts>Net/Gross
</commts>
		</level0>
	</TAG>

	<TAG>
		<level0>
			<fieldID>121</fieldID>

 			<fieldName>
				<hiddenName>ForexReq</hiddenName>
				<shownName>ForexReq</shownName>
			</fieldName>

			<reqd>N</reqd>

			<commts>Is foreign exchange  required
</commts>
		</level0>
	</TAG>

	<TAG>
		<level0>
			<fieldID>417</fieldID>

 			<fieldName>
				<hiddenName>NumBidders</hiddenName>
				<shownName>NumBidders</shownName>
			</fieldName>

			<reqd>N</reqd>

			<commts>Indicates the total number of bidders on the list
</commts>
		</level0>
	</TAG>

	<TAG>
		<level0>
			<fieldID>75</fieldID>

 			<fieldName>
				<hiddenName>TradeDate</hiddenName>
				<shownName>TradeDate</shownName>
			</fieldName>

			<reqd>N</reqd>

			<commts>
</commts>
		</level0>
	</TAG>

	<TAG>
		<level0>
			<fieldID>418</fieldID>

 			<fieldName>
				<hiddenName>TradeType</hiddenName>
				<shownName>TradeType</shownName>
			</fieldName>

			<reqd>Y</reqd>

			<commts>
</commts>
		</level0>
	</TAG>

	<TAG>
		<level0>
			<fieldID>419</fieldID>

 			<fieldName>
				<hiddenName>BasisPxType</hiddenName>
				<shownName>BasisPxType</shownName>
			</fieldName>

			<reqd>Y</reqd>

			<commts>
</commts>
		</level0>
	</TAG>

	<TAG>
		<level0>
			<fieldID>58</fieldID>

 			<fieldName>
				<hiddenName>StrikeTime</hiddenName>
				<shownName>StrikeTime</shownName>
			</fieldName>

			<reqd>N</reqd>

			<commts>Used when BasisPxType = &quot;C&quot;
</commts>
		</level0>
	</TAG>

	<TAG>
		<level0>
			<fieldID>58</fieldID>

 			<fieldName>
				<hiddenName>Text</hiddenName>
				<shownName>Text</shownName>
			</fieldName>

			<reqd>N</reqd>

			<commts>
</commts>
		</level0>
	</TAG>

	<TAG>
		<level0>
			<fieldID>354</fieldID>

 			<fieldName>
				<hiddenName>EncodedTextLen</hiddenName>
				<shownName>EncodedTextLen</shownName>
			</fieldName>

			<reqd>N</reqd>

			<commts>Must be set if EncodedText field is specified and must immediately precede it.
</commts>
		</level0>
	</TAG>

	<TAG>
		<level0>
			<fieldID>355</fieldID>

 			<fieldName>
				<hiddenName>EncodedText</hiddenName>
				<shownName>EncodedText</shownName>
			</fieldName>

			<reqd>N</reqd>

			<commts>Encoded (non-ASCII characters) representation of the Text field in the encoded format specified via the MessageEncoding field.
</commts>
		</level0>
	</TAG>

	<TAG>
		<level0>
			<fieldID> </fieldID>

 			<fieldName>
				<msgName>StandardTrailer</msgName>
				<shownName>Standard Trailer</shownName>
			</fieldName>

			<reqd>Y</reqd>

			<commts>
</commts>
		</level0>	</TAG>


</TAGS>
