<?xml version="1.0"?>
<?xml-stylesheet type="text/xsl" href="style3.xsl"?>
<TAGS xmlns="x-schema:schema.xml">  
 
<FileName>Business Message Reject</FileName>  
 

	<TAG>
		<level0>
			<fieldID> </fieldID>

 			<fieldName>
				<msgName>StandardHeader</msgName>
				<shownName>Standard Header</shownName>
			</fieldName>

			<reqd>Y</reqd>

			<commts>MsgType = j  (lowercase)
</commts>
		</level0>
	</TAG>

	<TAG>
		<level0>
			<fieldID>45</fieldID>

 			<fieldName>
				<hiddenName>RefSeqNum</hiddenName>
				<shownName>RefSeqNum</shownName>
			</fieldName>

			<reqd>N</reqd>

			<commts>MsgSeqNum of rejected message
</commts>
		</level0>
	</TAG>

	<TAG>
		<level0>
			<fieldID>372</fieldID>

 			<fieldName>
				<hiddenName>RefMsgType</hiddenName>
				<shownName>RefMsgType</shownName>
			</fieldName>

			<reqd>Y</reqd>

			<commts>The MsgType of the FIX message being referenced.
</commts>
		</level0>
	</TAG>

	<TAG>
		<level0>
			<fieldID>379</fieldID>

 			<fieldName>
				<hiddenName>BusinessRejectRefID</hiddenName>
				<shownName>BusinessRejectRefID</shownName>
			</fieldName>

			<reqd>N</reqd>

			<commts>The value of the business-level &quot;ID&quot; field on the message being referenced.  Required unless the corresponding ID field (see list above) was not specified.
</commts>
		</level0>
	</TAG>

	<TAG>
		<level0>
			<fieldID>380</fieldID>

 			<fieldName>
				<hiddenName>BusinessRejectReason</hiddenName>
				<shownName>BusinessRejectReason</shownName>
			</fieldName>

			<reqd>Y</reqd>

			<commts>Code to identify reason for a Business Message Reject message.
</commts>
		</level0>
	</TAG>

	<TAG>
		<level0>
			<fieldID>58</fieldID>

 			<fieldName>
				<hiddenName>Text</hiddenName>
				<shownName>Text</shownName>
			</fieldName>

			<reqd>N</reqd>

			<commts>Where possible, message to explain reason for rejection
</commts>
		</level0>
	</TAG>

	<TAG>
		<level0>
			<fieldID>354</fieldID>

 			<fieldName>
				<hiddenName>EncodedTextLen</hiddenName>
				<shownName>EncodedTextLen</shownName>
			</fieldName>

			<reqd>N</reqd>

			<commts>Must be set if EncodedText field is specified and must immediately precede it.
</commts>
		</level0>
	</TAG>

	<TAG>
		<level0>
			<fieldID>355</fieldID>

 			<fieldName>
				<hiddenName>EncodedText</hiddenName>
				<shownName>EncodedText</shownName>
			</fieldName>

			<reqd>N</reqd>

			<commts>Encoded (non-ASCII characters) representation of the Text field in the encoded format specified via the MessageEncoding field.
</commts>
		</level0>
	</TAG>

	<TAG>
		<level0>
			<fieldID> </fieldID>

 			<fieldName>
				<msgName>StandardTrailer</msgName>
				<shownName>Standard Trailer</shownName>
			</fieldName>

			<reqd>Y</reqd>

			<commts>
</commts>
		</level0>	</TAG>


</TAGS>
