<?xml version="1.0"?>
<?xml-stylesheet type="text/xsl" href="style3.xsl"?>
<TAGS xmlns="x-schema:schema.xml">  
 
<FileName>Heartbeat</FileName> 
 

	<TAG>
		<level0>
			<fieldID> </fieldID>

 			<fieldName>
				<msgName>StandardHeader</msgName>
				<shownName>Standard Header</shownName>
			</fieldName>

			<reqd>Y</reqd>

			<commts>MsgType = 0
</commts>
		</level0>
	</TAG>

	<TAG>
		<level0>
			<fieldID>112</fieldID>

 			<fieldName>
				<hiddenName>TestReqID</hiddenName>
				<shownName>TestReqID</shownName>
			</fieldName>

			<reqd>N</reqd>

			<commts>Required when the heartbeat is the result of a Test Request message.
</commts>
		</level0>
	</TAG>

	<TAG>
		<level0>
			<fieldID> </fieldID>

 			<fieldName>
				<msgName>StandardTrailer</msgName>
				<shownName>Standard Trailer</shownName>
			</fieldName>

			<reqd>Y</reqd>

			<commts>
</commts>
		</level0>	</TAG>


</TAGS>
