<?xml version="1.0"?>
<?xml-stylesheet type="text/xsl" href="style3.xsl"?>
<TAGS xmlns="x-schema:schema.xml">  
 
<FileName>List Status</FileName> 
 

	<TAG>
		<level0>
			<fieldID> </fieldID>

 			<fieldName>
				<msgName>StandardHeader</msgName>
				<shownName>Standard Header</shownName>
			</fieldName>

			<reqd>Y</reqd>

			<commts>MsgType = N
</commts>
		</level0>
	</TAG>

	<TAG>
		<level0>
			<fieldID>66</fieldID>

 			<fieldName>
				<hiddenName>ListID</hiddenName>
				<shownName>ListID</shownName>
			</fieldName>

			<reqd>Y</reqd>

			<commts>
</commts>
		</level0>
	</TAG>

	<TAG>
		<level0>
			<fieldID>429</fieldID>

 			<fieldName>
				<hiddenName>ListStatusType</hiddenName>
				<shownName>ListStatusType</shownName>
			</fieldName>

			<reqd>Y</reqd>

			<commts>
</commts>
		</level0>
	</TAG>

	<TAG>
		<level0>
			<fieldID>82</fieldID>

 			<fieldName>
				<hiddenName>NoRpts</hiddenName>
				<shownName>NoRpts</shownName>
			</fieldName>

			<reqd>Y</reqd>

			<commts>Total number of messages required to status complete list.
</commts>
		</level0>
	</TAG>

	<TAG>
		<level0>
			<fieldID>431</fieldID>

 			<fieldName>
				<hiddenName>ListOrderStatus</hiddenName>
				<shownName>ListOrderStatus</shownName>
			</fieldName>

			<reqd>Y</reqd>

			<commts>
</commts>
		</level0>
	</TAG>

	<TAG>
		<level0>
			<fieldID>83</fieldID>

 			<fieldName>
				<hiddenName>RptSeq</hiddenName>
				<shownName>RptSeq</shownName>
			</fieldName>

			<reqd>Y</reqd>

			<commts>Sequence number of this report message.
</commts>
		</level0>
	</TAG>

	<TAG>
		<level0>
			<fieldID>58</fieldID>

 			<fieldName>
				<hiddenName>Text</hiddenName>
				<shownName>Text</shownName>
			</fieldName>

			<reqd>N</reqd>

			<commts>
</commts>
		</level0>
	</TAG>

	<TAG>
		<level0>
			<fieldID>354</fieldID>

 			<fieldName>
				<hiddenName>EncodedTextLen</hiddenName>
				<shownName>EncodedTextLen</shownName>
			</fieldName>

			<reqd>N</reqd>

			<commts>Must be set if EncodedText field is specified and must immediately precede it.
</commts>
		</level0>
	</TAG>

	<TAG>
		<level0>
			<fieldID>355</fieldID>

 			<fieldName>
				<hiddenName>EncodedText</hiddenName>
				<shownName>EncodedText</shownName>
			</fieldName>

			<reqd>N</reqd>

			<commts>Encoded (non-ASCII characters) representation of the Text field in the encoded format specified via the MessageEncoding field.
</commts>
		</level0>
	</TAG>

	<TAG>
		<level0>
			<fieldID>60</fieldID>

 			<fieldName>
				<hiddenName>TransactTime</hiddenName>
				<shownName>TransactTime</shownName>
			</fieldName>

			<reqd>N</reqd>

			<commts>
</commts>
		</level0>
	</TAG>

	<TAG>
		<level0>
			<fieldID>68</fieldID>

 			<fieldName>
				<hiddenName>TotNoOrders</hiddenName>
				<shownName>TotNoOrders</shownName>
			</fieldName>

			<reqd>Y</reqd>

			<commts>Used to support fragmentation.  Sum of NoOrders across all messages with the same ListID.
</commts>
		</level0>
	</TAG>

	<TAG>
		<level0>
			<fieldID>73</fieldID>

 			<fieldName>
				<hiddenName>NoOrders</hiddenName>
				<shownName>NoOrders</shownName>
			</fieldName>

			<reqd>Y</reqd>

			<commts>Number of orders statused in this message, i.e. number of repeating groups to follow.
</commts>


 
	<TAG>
		<level1>
			<fieldID>11</fieldID>

 			<fieldName>
				<hiddenName>ClOrdID</hiddenName>
				<shownName>ClOrdID</shownName>
			</fieldName>

			<reqd>Y</reqd>

			<commts>
</commts>
		</level1>
	</TAG>

 
	<TAG>
		<level1>
			<fieldID>14</fieldID>

 			<fieldName>
				<hiddenName>CumQty</hiddenName>
				<shownName>CumQty</shownName>
			</fieldName>

			<reqd>Y</reqd>

			<commts>
</commts>
		</level1>
	</TAG>

 
	<TAG>
		<level1>
			<fieldID>39</fieldID>

 			<fieldName>
				<hiddenName>OrdStatus</hiddenName>
				<shownName>OrdStatus</shownName>
			</fieldName>

			<reqd>Y</reqd>

			<commts>
</commts>
		</level1>
	</TAG>

 
	<TAG>
		<level1>
			<fieldID>151</fieldID>

 			<fieldName>
				<hiddenName>LeavesQty</hiddenName>
				<shownName>LeavesQty</shownName>
			</fieldName>

			<reqd>Y</reqd>

			<commts>Amount of shares open for further execution. LeavesQty = OrderQty - CumQty.
</commts>
		</level1>
	</TAG>

 
	<TAG>
		<level1>
			<fieldID>84</fieldID>

 			<fieldName>
				<hiddenName>CxlQty</hiddenName>
				<shownName>CxlQty</shownName>
			</fieldName>

			<reqd>Y</reqd>

			<commts>
</commts>
		</level1>
	</TAG>

 
	<TAG>
		<level1>
			<fieldID>6</fieldID>

 			<fieldName>
				<hiddenName>AvgPx</hiddenName>
				<shownName>AvgPx</shownName>
			</fieldName>

			<reqd>Y</reqd>

			<commts>
</commts>
		</level1>
	</TAG>

 
	<TAG>
		<level1>
			<fieldID>103</fieldID>

 			<fieldName>
				<hiddenName>OrdRejectReason</hiddenName>
				<shownName>OrdRejectReason</shownName>
			</fieldName>

			<reqd>N</reqd>

			<commts>Used if the order is rejected
</commts>
		</level1>
	</TAG>

 
	<TAG>
		<level1>
			<fieldID>58</fieldID>

 			<fieldName>
				<hiddenName>Text</hiddenName>
				<shownName>Text</shownName>
			</fieldName>

			<reqd>N</reqd>

			<commts>
</commts>
		</level1>
	</TAG>

 
	<TAG>
		<level1>
			<fieldID>354</fieldID>

 			<fieldName>
				<hiddenName>EncodedTextLen</hiddenName>
				<shownName>EncodedTextLen</shownName>
			</fieldName>

			<reqd>N</reqd>

			<commts>Must be set if EncodedText field is specified and must immediately precede it.
</commts>
		</level1>
	</TAG>

 
	<TAG>
		<level1>
			<fieldID>355</fieldID>

 			<fieldName>
				<hiddenName>EncodedText</hiddenName>
				<shownName>EncodedText</shownName>
			</fieldName>

			<reqd>N</reqd>

			<commts>Encoded (non-ASCII characters) representation of the Text field in the encoded format specified via the MessageEncoding field.
</commts>
		</level1>	</TAG>		</level0>	</TAG>

	<TAG>
		<level0>
			<fieldID> </fieldID>

 			<fieldName>
				<msgName>StandardTrailer</msgName>
				<shownName>Standard Trailer</shownName>
			</fieldName>

			<reqd>Y</reqd>

			<commts>
</commts>
		</level0>	</TAG>


</TAGS>
