<?xml version="1.0"?>
<?xml-stylesheet type="text/xsl" href="style3.xsl"?>
<TAGS xmlns="x-schema:schema.xml">  
 
 
<FileName>List Execute</FileName>  

	<TAG>
		<level0>
			<fieldID> </fieldID>

 			<fieldName>
				<msgName>StandardHeader</msgName>
				<shownName>Standard Header</shownName>
			</fieldName>

			<reqd>Y</reqd>

			<commts>MsgType = L
</commts>
		</level0>
	</TAG>

	<TAG>
		<level0>
			<fieldID>66</fieldID>

 			<fieldName>
				<hiddenName>ListID</hiddenName>
				<shownName>ListID</shownName>
			</fieldName>

			<reqd>Y</reqd>

			<commts>Must be unique, by customer, for the day
</commts>
		</level0>
	</TAG>

	<TAG>
		<level0>
			<fieldID>391</fieldID>

 			<fieldName>
				<hiddenName>ClientBidID</hiddenName>
				<shownName>ClientBidID</shownName>
			</fieldName>

			<reqd>N</reqd>

			<commts>Used with BidType=Disclosed to provide the sell side the ability to determine the direction of the trade to execute.
</commts>
		</level0>
	</TAG>

	<TAG>
		<level0>
			<fieldID>390</fieldID>

 			<fieldName>
				<hiddenName>BidID</hiddenName>
				<shownName>BidID</shownName>
			</fieldName>

			<reqd>N</reqd>

			<commts>
</commts>
		</level0>
	</TAG>

	<TAG>
		<level0>
			<fieldID>60</fieldID>

 			<fieldName>
				<hiddenName>TransactTime</hiddenName>
				<shownName>TransactTime</shownName>
			</fieldName>

			<reqd>Y</reqd>

			<commts>Time this order request was initiated/released by the trader or trading system.
</commts>
		</level0>
	</TAG>

	<TAG>
		<level0>
			<fieldID>58</fieldID>

 			<fieldName>
				<hiddenName>Text</hiddenName>
				<shownName>Text</shownName>
			</fieldName>

			<reqd>N</reqd>

			<commts>
</commts>
		</level0>
	</TAG>

	<TAG>
		<level0>
			<fieldID>354</fieldID>

 			<fieldName>
				<hiddenName>EncodedTextLen</hiddenName>
				<shownName>EncodedTextLen</shownName>
			</fieldName>

			<reqd>N</reqd>

			<commts>Must be set if EncodedText field is specified and must immediately precede it.
</commts>
		</level0>
	</TAG>

	<TAG>
		<level0>
			<fieldID>355</fieldID>

 			<fieldName>
				<hiddenName>EncodedText</hiddenName>
				<shownName>EncodedText</shownName>
			</fieldName>

			<reqd>N</reqd>

			<commts>Encoded (non-ASCII characters) representation of the Text field in the encoded format specified via the MessageEncoding field.
</commts>
		</level0>
	</TAG>

	<TAG>
		<level0>
			<fieldID> </fieldID>

 			<fieldName>
				<msgName>StandardTrailer</msgName>
				<shownName>Standard Trailer</shownName>
			</fieldName>

			<reqd>Y</reqd>

			<commts>
</commts>
		</level0>	</TAG>


</TAGS>
