<?xml version="1.0"?>
<?xml-stylesheet type="text/xsl" href="style2ab.xsl"?><TAGS xmlns="x-schema:schema.xml">
<TAG>
<fieldID>1</fieldID><fieldName>Account</fieldName>
</TAG>
<TAG>
<fieldID>2</fieldID><fieldName>AdvId</fieldName>
</TAG>
<TAG>
<fieldID>3</fieldID><fieldName>AdvRefID</fieldName>
</TAG>
<TAG>
<fieldID>4</fieldID><fieldName>AdvSide</fieldName>
</TAG>
<TAG>
<fieldID>5</fieldID><fieldName>AdvTransType</fieldName>
</TAG>
<TAG>
<fieldID>6</fieldID><fieldName>AvgPx</fieldName>
</TAG>
<TAG>
<fieldID>7</fieldID><fieldName>BeginSeqNo</fieldName>
</TAG>
<TAG>
<fieldID>8</fieldID><fieldName>BeginString</fieldName>
</TAG>
<TAG>
<fieldID>9</fieldID><fieldName>BodyLength</fieldName>
</TAG>
<TAG>
<fieldID>10</fieldID><fieldName>CheckSum</fieldName>
</TAG>
<TAG>
<fieldID>11</fieldID><fieldName>ClOrdID</fieldName>
</TAG>
<TAG>
<fieldID>12</fieldID><fieldName>Commission</fieldName>
</TAG>
<TAG>
<fieldID>13</fieldID><fieldName>CommType</fieldName>
</TAG>
<TAG>
<fieldID>14</fieldID><fieldName>CumQty</fieldName>
</TAG>
<TAG>
<fieldID>15</fieldID><fieldName>Currency</fieldName>
</TAG>
<TAG>
<fieldID>16</fieldID><fieldName>EndSeqNo</fieldName>
</TAG>
<TAG>
<fieldID>17</fieldID><fieldName>ExecID</fieldName>
</TAG>
<TAG>
<fieldID>18</fieldID><fieldName>ExecInst</fieldName>
</TAG>
<TAG>
<fieldID>19</fieldID><fieldName>ExecRefID</fieldName>
</TAG>
<TAG>
<fieldID>20</fieldID><fieldName>ExecTransType</fieldName>
</TAG>
<TAG>
<fieldID>21</fieldID><fieldName>HandlInst</fieldName>
</TAG>
<TAG>
<fieldID>22</fieldID><fieldName>IDSource</fieldName>
</TAG>
<TAG>
<fieldID>23</fieldID><fieldName>IOIid</fieldName>
</TAG>
<TAG>
<fieldID>24</fieldID><fieldName>IOIOthSvc
</fieldName>
</TAG>
<TAG>
<fieldID>25</fieldID><fieldName>IOIQltyInd</fieldName>
</TAG>
<TAG>
<fieldID>26</fieldID><fieldName>IOIRefID</fieldName>
</TAG>
<TAG>
<fieldID>27</fieldID><fieldName>IOIShares</fieldName>
</TAG>
<TAG>
<fieldID>28</fieldID><fieldName>IOITransType</fieldName>
</TAG>
<TAG>
<fieldID>29</fieldID><fieldName>LastCapacity</fieldName>
</TAG>
<TAG>
<fieldID>30</fieldID><fieldName>LastMkt</fieldName>
</TAG>
<TAG>
<fieldID>31</fieldID><fieldName>LastPx</fieldName>
</TAG>
<TAG>
<fieldID>32</fieldID><fieldName>LastShares</fieldName>
</TAG>
<TAG>
<fieldID>33</fieldID><fieldName>LinesOfText</fieldName>
</TAG>
<TAG>
<fieldID>34</fieldID><fieldName>MsgSeqNum</fieldName>
</TAG>
<TAG>
<fieldID>35</fieldID><fieldName>MsgType</fieldName>
</TAG>
<TAG>
<fieldID>36</fieldID><fieldName>NewSeqNo</fieldName>
</TAG>
<TAG>
<fieldID>37</fieldID><fieldName>OrderID</fieldName>
</TAG>
<TAG>
<fieldID>38</fieldID><fieldName>OrderQty</fieldName>
</TAG>
<TAG>
<fieldID>39</fieldID><fieldName>OrdStatus</fieldName>
</TAG>
<TAG>
<fieldID>40</fieldID><fieldName>OrdType</fieldName>
</TAG>
<TAG>
<fieldID>41</fieldID><fieldName>OrigClOrdID</fieldName>
</TAG>
<TAG>
<fieldID>42</fieldID><fieldName>OrigTime</fieldName>
</TAG>
<TAG>
<fieldID>43</fieldID><fieldName>PossDupFlag</fieldName>
</TAG>
<TAG>
<fieldID>44</fieldID><fieldName>Price</fieldName>
</TAG>
<TAG>
<fieldID>45</fieldID><fieldName>RefSeqNum</fieldName>
</TAG>
<TAG>
<fieldID>46</fieldID><fieldName>RelatdSym</fieldName>
</TAG>
<TAG>
<fieldID>47</fieldID><fieldName>Rule80A</fieldName>
</TAG>
<TAG>
<fieldID>48</fieldID><fieldName>SecurityID</fieldName>
</TAG>
<TAG>
<fieldID>49</fieldID><fieldName>SenderCompID</fieldName>
</TAG>
<TAG>
<fieldID>50</fieldID><fieldName>SenderSubID</fieldName>
</TAG>
<TAG>
<fieldID>51</fieldID><fieldName>SendingDate
</fieldName>
</TAG>
<TAG>
<fieldID>52</fieldID><fieldName>SendingTime</fieldName>
</TAG>
<TAG>
<fieldID>53</fieldID><fieldName>Shares</fieldName>
</TAG>
<TAG>
<fieldID>54</fieldID><fieldName>Side</fieldName>
</TAG>
<TAG>
<fieldID>55</fieldID><fieldName>Symbol</fieldName>
</TAG>
<TAG>
<fieldID>56</fieldID><fieldName>TargetCompID</fieldName>
</TAG>
<TAG>
<fieldID>57</fieldID><fieldName>TargetSubID</fieldName>
</TAG>
<TAG>
<fieldID>58</fieldID><fieldName>Text</fieldName>
</TAG>
<TAG>
<fieldID>59</fieldID><fieldName>TimeInForce</fieldName>
</TAG>
<TAG>
<fieldID>60</fieldID><fieldName>TransactTime</fieldName>
</TAG>
<TAG>
<fieldID>61</fieldID><fieldName>Urgency</fieldName>
</TAG>
<TAG>
<fieldID>62</fieldID><fieldName>ValidUntilTime</fieldName>
</TAG>
<TAG>
<fieldID>63</fieldID><fieldName>SettlmntTyp</fieldName>
</TAG>
<TAG>
<fieldID>64</fieldID><fieldName>FutSettDate</fieldName>
</TAG>
<TAG>
<fieldID>65</fieldID><fieldName>SymbolSfx</fieldName>
</TAG>
<TAG>
<fieldID>66</fieldID><fieldName>ListID</fieldName>
</TAG>
<TAG>
<fieldID>67</fieldID><fieldName>ListSeqNo</fieldName>
</TAG>
<TAG>
<fieldID>68</fieldID><fieldName>TotNoOrders</fieldName>
</TAG>
<TAG>
<fieldID>69</fieldID><fieldName>ListExecInst</fieldName>
</TAG>
<TAG>
<fieldID>70</fieldID><fieldName>AllocID</fieldName>
</TAG>
<TAG>
<fieldID>71</fieldID><fieldName>AllocTransType</fieldName>
</TAG>
<TAG>
<fieldID>72</fieldID><fieldName>RefAllocID</fieldName>
</TAG>
<TAG>
<fieldID>73</fieldID><fieldName>NoOrders</fieldName>
</TAG>
<TAG>
<fieldID>74</fieldID><fieldName>AvgPrxPrecision</fieldName>
</TAG>
<TAG>
<fieldID>75</fieldID><fieldName>TradeDate</fieldName>
</TAG>
<TAG>
<fieldID>76</fieldID><fieldName>ExecBroker</fieldName>
</TAG>
<TAG>
<fieldID>77</fieldID><fieldName>OpenClose</fieldName>
</TAG>
<TAG>
<fieldID>78</fieldID><fieldName>NoAllocs</fieldName>
</TAG>
<TAG>
<fieldID>79</fieldID><fieldName>AllocAccount</fieldName>
</TAG>
<TAG>
<fieldID>80</fieldID><fieldName>AllocShares</fieldName>
</TAG>
<TAG>
<fieldID>81</fieldID><fieldName>ProcessCode</fieldName>
</TAG>
<TAG>
<fieldID>82</fieldID><fieldName>NoRpts</fieldName>
</TAG>
<TAG>
<fieldID>83</fieldID><fieldName>RptSeq</fieldName>
</TAG>
<TAG>
<fieldID>84</fieldID><fieldName>CxlQty</fieldName>
</TAG>
<TAG>
<fieldID>85</fieldID><fieldName>NoDlvyInst</fieldName>
</TAG>
<TAG>
<fieldID>86</fieldID><fieldName>DlvyInst</fieldName>
</TAG>
<TAG>
<fieldID>87</fieldID><fieldName>AllocStatus</fieldName>
</TAG>
<TAG>
<fieldID>88</fieldID><fieldName>AllocRejCode</fieldName>
</TAG>
<TAG>
<fieldID>89</fieldID><fieldName>Signature</fieldName>
</TAG>
<TAG>
<fieldID>90</fieldID><fieldName>SecureDataLen</fieldName>
</TAG>
<TAG>
<fieldID>91</fieldID><fieldName>SecureData</fieldName>
</TAG>
<TAG>
<fieldID>92</fieldID><fieldName>BrokerOfCredit</fieldName>
</TAG>
<TAG>
<fieldID>93</fieldID><fieldName>SignatureLength</fieldName>
</TAG>
<TAG>
<fieldID>94</fieldID><fieldName>EmailType</fieldName>
</TAG>
<TAG>
<fieldID>95</fieldID><fieldName>RawDataLength</fieldName>
</TAG>
<TAG>
<fieldID>96</fieldID><fieldName>RawData</fieldName>
</TAG>
<TAG>
<fieldID>97</fieldID><fieldName>PossResend</fieldName>
</TAG>
<TAG>
<fieldID>98</fieldID><fieldName>EncryptMethod</fieldName>
</TAG>
<TAG>
<fieldID>99</fieldID><fieldName>StopPx</fieldName>
</TAG>
<TAG>
<fieldID>100</fieldID><fieldName>ExDestination</fieldName>
</TAG>
<TAG>
<fieldID>101</fieldID><fieldName>(Not Defined)</fieldName>
</TAG>
<TAG>
<fieldID>102</fieldID><fieldName>CxlRejReason</fieldName>
</TAG>
<TAG>
<fieldID>103</fieldID><fieldName>OrdRejReason</fieldName>
</TAG>
<TAG>
<fieldID>104</fieldID><fieldName>IOIQualifier</fieldName>
</TAG>
<TAG>
<fieldID>105</fieldID><fieldName>WaveNo</fieldName>
</TAG>
<TAG>
<fieldID>106</fieldID><fieldName>Issuer</fieldName>
</TAG>
<TAG>
<fieldID>107</fieldID><fieldName>SecurityDesc</fieldName>
</TAG>
<TAG>
<fieldID>108</fieldID><fieldName>HeartBtInt</fieldName>
</TAG>
<TAG>
<fieldID>109</fieldID><fieldName>ClientID</fieldName>
</TAG>
<TAG>
<fieldID>110</fieldID><fieldName>MinQty</fieldName>
</TAG>
<TAG>
<fieldID>111</fieldID><fieldName>MaxFloor</fieldName>
</TAG>
<TAG>
<fieldID>112</fieldID><fieldName>TestReqID</fieldName>
</TAG>
<TAG>
<fieldID>113</fieldID><fieldName>ReportToExch</fieldName>
</TAG>
<TAG>
<fieldID>114</fieldID><fieldName>LocateReqd</fieldName>
</TAG>
<TAG>
<fieldID>115</fieldID><fieldName>OnBehalfOfCompID</fieldName>
</TAG>
<TAG>
<fieldID>116</fieldID><fieldName>OnBehalfOfSubID</fieldName>
</TAG>
<TAG>
<fieldID>117</fieldID><fieldName>QuoteID</fieldName>
</TAG>
<TAG>
<fieldID>118</fieldID><fieldName>NetMoney</fieldName>
</TAG>
<TAG>
<fieldID>119</fieldID><fieldName>SettlCurrAmt</fieldName>
</TAG>
<TAG>
<fieldID>120</fieldID><fieldName>SettlCurrency</fieldName>
</TAG>
<TAG>
<fieldID>121</fieldID><fieldName>ForexReq</fieldName>
</TAG>
<TAG>
<fieldID>122</fieldID><fieldName>OrigSendingTime</fieldName>
</TAG>
<TAG>
<fieldID>123</fieldID><fieldName>GapFillFlag</fieldName>
</TAG>
<TAG>
<fieldID>124</fieldID><fieldName>NoExecs</fieldName>
</TAG>
<TAG>
<fieldID>125</fieldID><fieldName>CxlType</fieldName>
</TAG>
<TAG>
<fieldID>126</fieldID><fieldName>ExpireTime</fieldName>
</TAG>
<TAG>
<fieldID>127</fieldID><fieldName>DKReason</fieldName>
</TAG>
<TAG>
<fieldID>128</fieldID><fieldName>DeliverToCompID</fieldName>
</TAG>
<TAG>
<fieldID>129</fieldID><fieldName>DeliverToSubID</fieldName>
</TAG>
<TAG>
<fieldID>130</fieldID><fieldName>IOINaturalFlag</fieldName>
</TAG>
<TAG>
<fieldID>131</fieldID><fieldName>QuoteReqID</fieldName>
</TAG>
<TAG>
<fieldID>132</fieldID><fieldName>BidPx</fieldName>
</TAG>
<TAG>
<fieldID>133</fieldID><fieldName>OfferPx</fieldName>
</TAG>
<TAG>
<fieldID>134</fieldID><fieldName>BidSize</fieldName>
</TAG>
<TAG>
<fieldID>135</fieldID><fieldName>OfferSize</fieldName>
</TAG>
<TAG>
<fieldID>136</fieldID><fieldName>NoMiscFees</fieldName>
</TAG>
<TAG>
<fieldID>137</fieldID><fieldName>MiscFeeAmt</fieldName>
</TAG>
<TAG>
<fieldID>138</fieldID><fieldName>MiscFeeCurr</fieldName>
</TAG>
<TAG>
<fieldID>139</fieldID><fieldName>MiscFeeType</fieldName>
</TAG>
<TAG>
<fieldID>140</fieldID><fieldName>PrevClosePx</fieldName>
</TAG>
<TAG>
<fieldID>141</fieldID><fieldName>ResetSeqNumFlag</fieldName>
</TAG>
<TAG>
<fieldID>142</fieldID><fieldName>SenderLocationID</fieldName>
</TAG>
<TAG>
<fieldID>143</fieldID><fieldName>TargetLocationID</fieldName>
</TAG>
<TAG>
<fieldID>144</fieldID><fieldName>OnBehalfOfLocationID</fieldName>
</TAG>
<TAG>
<fieldID>145</fieldID><fieldName>DeliverToLocationID</fieldName>
</TAG>
<TAG>
<fieldID>146</fieldID><fieldName>NoRelatedSym</fieldName>
</TAG>
<TAG>
<fieldID>147</fieldID><fieldName>Subject</fieldName>
</TAG>
<TAG>
<fieldID>148</fieldID><fieldName>Headline</fieldName>
</TAG>
<TAG>
<fieldID>149</fieldID><fieldName>URLLink</fieldName>
</TAG>
<TAG>
<fieldID>150</fieldID><fieldName>ExecType</fieldName>
</TAG>
<TAG>
<fieldID>151</fieldID><fieldName>LeavesQty</fieldName>
</TAG>
<TAG>
<fieldID>152</fieldID><fieldName>CashOrderQty</fieldName>
</TAG>
<TAG>
<fieldID>153</fieldID><fieldName>AllocAvgPx</fieldName>
</TAG>
<TAG>
<fieldID>154</fieldID><fieldName>AllocNetMoney</fieldName>
</TAG>
<TAG>
<fieldID>155</fieldID><fieldName>SettlCurrFxRate</fieldName>
</TAG>
<TAG>
<fieldID>156</fieldID><fieldName>SettlCurrFxRateCalc</fieldName>
</TAG>
<TAG>
<fieldID>157</fieldID><fieldName>NumDaysInterest</fieldName>
</TAG>
<TAG>
<fieldID>158</fieldID><fieldName>AccruedInterestRate</fieldName>
</TAG>
<TAG>
<fieldID>159</fieldID><fieldName>AccruedInterestAmt</fieldName>
</TAG>
<TAG>
<fieldID>160</fieldID><fieldName>SettlInstMode</fieldName>
</TAG>
<TAG>
<fieldID>161</fieldID><fieldName>AllocText</fieldName>
</TAG>
<TAG>
<fieldID>162</fieldID><fieldName>SettlInstID</fieldName>
</TAG>
<TAG>
<fieldID>163</fieldID><fieldName>SettlInstTransType</fieldName>
</TAG>
<TAG>
<fieldID>164</fieldID><fieldName>EmailThreadID</fieldName>
</TAG>
<TAG>
<fieldID>165</fieldID><fieldName>SettlInstSource</fieldName>
</TAG>
<TAG>
<fieldID>166</fieldID><fieldName>SettlLocation</fieldName>
</TAG>
<TAG>
<fieldID>167</fieldID><fieldName>SecurityType</fieldName>
</TAG>
<TAG>
<fieldID>168</fieldID><fieldName>EffectiveTime</fieldName>
</TAG>
<TAG>
<fieldID>169</fieldID><fieldName>StandInstDbType</fieldName>
</TAG>
<TAG>
<fieldID>170</fieldID><fieldName>StandInstDbName</fieldName>
</TAG>
<TAG>
<fieldID>171</fieldID><fieldName>StandInstDbID</fieldName>
</TAG>
<TAG>
<fieldID>172</fieldID><fieldName>SettlDeliveryType</fieldName>
</TAG>
<TAG>
<fieldID>173</fieldID><fieldName>SettlDepositoryCode</fieldName>
</TAG>
<TAG>
<fieldID>174</fieldID><fieldName>SettlBrkrCode</fieldName>
</TAG>
<TAG>
<fieldID>175</fieldID><fieldName>SettlInstCode</fieldName>
</TAG>
<TAG>
<fieldID>176</fieldID><fieldName>SecuritySettlAgentName</fieldName>
</TAG>
<TAG>
<fieldID>177</fieldID><fieldName>SecuritySettlAgentCode</fieldName>
</TAG>
<TAG>
<fieldID>178</fieldID><fieldName>SecuritySettlAgentAcctNum</fieldName>
</TAG>
<TAG>
<fieldID>179</fieldID><fieldName>SecuritySettlAgentAcctName</fieldName>
</TAG>
<TAG>
<fieldID>180</fieldID><fieldName>SecuritySettlAgentContactName</fieldName>
</TAG>
<TAG>
<fieldID>181</fieldID><fieldName>SecuritySettlAgentContactPhone</fieldName>
</TAG>
<TAG>
<fieldID>182</fieldID><fieldName>CashSettlAgentName</fieldName>
</TAG>
<TAG>
<fieldID>183</fieldID><fieldName>CashSettlAgentCode</fieldName>
</TAG>
<TAG>
<fieldID>184</fieldID><fieldName>CashSettlAgentAcctNum</fieldName>
</TAG>
<TAG>
<fieldID>185</fieldID><fieldName>CashSettlAgentAcctName</fieldName>
</TAG>
<TAG>
<fieldID>186</fieldID><fieldName>CashSettlAgentContactName</fieldName>
</TAG>
<TAG>
<fieldID>187</fieldID><fieldName>CashSettlAgentContactPhone</fieldName>
</TAG>
<TAG>
<fieldID>188</fieldID><fieldName>BidSpotRate</fieldName>
</TAG>
<TAG>
<fieldID>189</fieldID><fieldName>BidForwardPoints</fieldName>
</TAG>
<TAG>
<fieldID>190</fieldID><fieldName>OfferSpotRate</fieldName>
</TAG>
<TAG>
<fieldID>191</fieldID><fieldName>OfferForwardPoints</fieldName>
</TAG>
<TAG>
<fieldID>192</fieldID><fieldName>OrderQty2</fieldName>
</TAG>
<TAG>
<fieldID>193</fieldID><fieldName>FutSettDate2</fieldName>
</TAG>
<TAG>
<fieldID>194</fieldID><fieldName>LastSpotRate</fieldName>
</TAG>
<TAG>
<fieldID>195</fieldID><fieldName>LastForwardPoints</fieldName>
</TAG>
<TAG>
<fieldID>196</fieldID><fieldName>AllocLinkID</fieldName>
</TAG>
<TAG>
<fieldID>197</fieldID><fieldName>AllocLinkType</fieldName>
</TAG>
<TAG>
<fieldID>198</fieldID><fieldName>SecondaryOrderID</fieldName>
</TAG>
<TAG>
<fieldID>199</fieldID><fieldName>NoIOIQualifiers</fieldName>
</TAG>
<TAG>
<fieldID>200</fieldID><fieldName>MaturityMonthYear</fieldName>
</TAG>
<TAG>
<fieldID>201</fieldID><fieldName>PutOrCall</fieldName>
</TAG>
<TAG>
<fieldID>202</fieldID><fieldName>StrikePrice</fieldName>
</TAG>
<TAG>
<fieldID>203</fieldID><fieldName>CoveredOrUncovered</fieldName>
</TAG>
<TAG>
<fieldID>204</fieldID><fieldName>CustomerOrFirm</fieldName>
</TAG>
<TAG>
<fieldID>205</fieldID><fieldName>MaturityDay</fieldName>
</TAG>
<TAG>
<fieldID>206</fieldID><fieldName>OptAttribute</fieldName>
</TAG>
<TAG>
<fieldID>207</fieldID><fieldName>SecurityExchange</fieldName>
</TAG>
<TAG>
<fieldID>208</fieldID><fieldName>NotifyBrokerOfCredit</fieldName>
</TAG>
<TAG>
<fieldID>209</fieldID><fieldName>AllocHandlInst</fieldName>
</TAG>
<TAG>
<fieldID>210</fieldID><fieldName>MaxShow</fieldName>
</TAG>
<TAG>
<fieldID>211</fieldID><fieldName>PegDifference</fieldName>
</TAG>
<TAG>
<fieldID>212</fieldID><fieldName>XmlDataLen</fieldName>
</TAG>
<TAG>
<fieldID>213</fieldID><fieldName>XmlData</fieldName>
</TAG>
<TAG>
<fieldID>214</fieldID><fieldName>SettlInstRefID</fieldName>
</TAG>
<TAG>
<fieldID>215</fieldID><fieldName>NoRoutingIDs</fieldName>
</TAG>
<TAG>
<fieldID>216</fieldID><fieldName>RoutingType</fieldName>
</TAG>
<TAG>
<fieldID>217</fieldID><fieldName>RoutingID</fieldName>
</TAG>
<TAG>
<fieldID>218</fieldID><fieldName>SpreadToBenchmark</fieldName>
</TAG>
<TAG>
<fieldID>219</fieldID><fieldName>Benchmark</fieldName>
</TAG>
<TAG>
<fieldID>220-222</fieldID><fieldName>Reserved/Allocated</fieldName>
</TAG>
<TAG>
<fieldID>223</fieldID><fieldName>CouponRate</fieldName>
</TAG>
<TAG>
<fieldID>224-230</fieldID><fieldName>Reserved/Allocated</fieldName>
</TAG>
<TAG>
<fieldID>231</fieldID><fieldName>ContractMultiplier</fieldName>
</TAG>
<TAG>
<fieldID>232-261</fieldID><fieldName>Reserved/Allocated</fieldName>
</TAG>
<TAG>
<fieldID>262</fieldID><fieldName>MDReqID</fieldName>
</TAG>
<TAG>
<fieldID>263</fieldID><fieldName>SubscriptionRequestType</fieldName>
</TAG>
<TAG>
<fieldID>264</fieldID><fieldName>MarketDepth</fieldName>
</TAG>
<TAG>
<fieldID>265</fieldID><fieldName>MDUpdateType</fieldName>
</TAG>
<TAG>
<fieldID>266</fieldID><fieldName>AggregatedBook</fieldName>
</TAG>
<TAG>
<fieldID>267</fieldID><fieldName>NoMDEntryTypes</fieldName>
</TAG>
<TAG>
<fieldID>268</fieldID><fieldName>NoMDEntries</fieldName>
</TAG>
<TAG>
<fieldID>269</fieldID><fieldName>MDEntryType</fieldName>
</TAG>
<TAG>
<fieldID>270</fieldID><fieldName>MDEntryPx</fieldName>
</TAG>
<TAG>
<fieldID>271</fieldID><fieldName>MDEntrySize</fieldName>
</TAG>
<TAG>
<fieldID>272</fieldID><fieldName>MDEntryDate</fieldName>
</TAG>
<TAG>
<fieldID>273</fieldID><fieldName>MDEntryTime</fieldName>
</TAG>
<TAG>
<fieldID>274</fieldID><fieldName>TickDirection</fieldName>
</TAG>
<TAG>
<fieldID>275</fieldID><fieldName>MDMkt</fieldName>
</TAG>
<TAG>
<fieldID>276</fieldID><fieldName>QuoteCondition</fieldName>
</TAG>
<TAG>
<fieldID>277</fieldID><fieldName>TradeCondition</fieldName>
</TAG>
<TAG>
<fieldID>278</fieldID><fieldName>MDEntryID</fieldName>
</TAG>
<TAG>
<fieldID>279</fieldID><fieldName>MDUpdateAction</fieldName>
</TAG>
<TAG>
<fieldID>280</fieldID><fieldName>MDEntryRefID</fieldName>
</TAG>
<TAG>
<fieldID>281</fieldID><fieldName>MDReqRejReason</fieldName>
</TAG>
<TAG>
<fieldID>282</fieldID><fieldName>MDEntryOriginator</fieldName>
</TAG>
<TAG>
<fieldID>283</fieldID><fieldName>LocationID</fieldName>
</TAG>
<TAG>
<fieldID>284</fieldID><fieldName>DeskID</fieldName>
</TAG>
<TAG>
<fieldID>285</fieldID><fieldName>DeleteReason</fieldName>
</TAG>
<TAG>
<fieldID>286</fieldID><fieldName>OpenCloseSettleFlag</fieldName>
</TAG>
<TAG>
<fieldID>287</fieldID><fieldName>SellerDays</fieldName>
</TAG>
<TAG>
<fieldID>288</fieldID><fieldName>MDEntryBuyer</fieldName>
</TAG>
<TAG>
<fieldID>289</fieldID><fieldName>MDEntrySeller</fieldName>
</TAG>
<TAG>
<fieldID>290</fieldID><fieldName>MDEntryPositionNo</fieldName>
</TAG>
<TAG>
<fieldID>291</fieldID><fieldName>FinancialStatus</fieldName>
</TAG>
<TAG>
<fieldID>292</fieldID><fieldName>CorporateAction</fieldName>
</TAG>
<TAG>
<fieldID>293</fieldID><fieldName>DefBidSize</fieldName>
</TAG>
<TAG>
<fieldID>294</fieldID><fieldName>DefOfferSize</fieldName>
</TAG>
<TAG>
<fieldID>295</fieldID><fieldName>NoQuoteEntries</fieldName>
</TAG>
<TAG>
<fieldID>296</fieldID><fieldName>NoQuoteSets</fieldName>
</TAG>
<TAG>
<fieldID>297</fieldID><fieldName>QuoteAckStatus</fieldName>
</TAG>
<TAG>
<fieldID>298</fieldID><fieldName>QuoteCancelType</fieldName>
</TAG>
<TAG>
<fieldID>299</fieldID><fieldName>QuoteEntryID</fieldName>
</TAG>
<TAG>
<fieldID>300</fieldID><fieldName>QuoteRejectReason</fieldName>
</TAG>
<TAG>
<fieldID>301</fieldID><fieldName>QuoteResponseLevel</fieldName>
</TAG>
<TAG>
<fieldID>302</fieldID><fieldName>QuoteSetID</fieldName>
</TAG>
<TAG>
<fieldID>303</fieldID><fieldName>QuoteRequestType</fieldName>
</TAG>
<TAG>
<fieldID>304</fieldID><fieldName>TotQuoteEntries</fieldName>
</TAG>
<TAG>
<fieldID>305</fieldID><fieldName>UnderlyingIDSource</fieldName>
</TAG>
<TAG>
<fieldID>306</fieldID><fieldName>UnderlyingIssuer</fieldName>
</TAG>
<TAG>
<fieldID>307</fieldID><fieldName>UnderlyingSecurityDesc</fieldName>
</TAG>
<TAG>
<fieldID>308</fieldID><fieldName>UnderlyingSecurityExchange</fieldName>
</TAG>
<TAG>
<fieldID>309</fieldID><fieldName>UnderlyingSecurityID</fieldName>
</TAG>
<TAG>
<fieldID>310</fieldID><fieldName>UnderlyingSecurityType</fieldName>
</TAG>
<TAG>
<fieldID>311</fieldID><fieldName>UnderlyingSymbol</fieldName>
</TAG>
<TAG>
<fieldID>312</fieldID><fieldName>UnderlyingSymbolSfx</fieldName>
</TAG>
<TAG>
<fieldID>313</fieldID><fieldName>UnderlyingMaturityMonthYear</fieldName>
</TAG>
<TAG>
<fieldID>314</fieldID><fieldName>UnderlyingMaturityDay</fieldName>
</TAG>
<TAG>
<fieldID>315</fieldID><fieldName>UnderlyingPutOrCall</fieldName>
</TAG>
<TAG>
<fieldID>316</fieldID><fieldName>UnderlyingStrikePrice</fieldName>
</TAG>
<TAG>
<fieldID>317</fieldID><fieldName>UnderlyingOptAttribute</fieldName>
</TAG>
<TAG>
<fieldID>318</fieldID><fieldName>Underlying</fieldName>
</TAG>
<TAG>
<fieldID>319</fieldID><fieldName>RatioQty</fieldName>
</TAG>
<TAG>
<fieldID>320</fieldID><fieldName>SecurityReqID</fieldName>
</TAG>
<TAG>
<fieldID>321</fieldID><fieldName>SecurityRequestType</fieldName>
</TAG>
<TAG>
<fieldID>322</fieldID><fieldName>SecurityResponseID</fieldName>
</TAG>
<TAG>
<fieldID>323</fieldID><fieldName>SecurityResponseType</fieldName>
</TAG>
<TAG>
<fieldID>324</fieldID><fieldName>SecurityStatusReqID</fieldName>
</TAG>
<TAG>
<fieldID>325</fieldID><fieldName>UnsolicitedIndicator</fieldName>
</TAG>
<TAG>
<fieldID>326</fieldID><fieldName>SecurityTradingStatus</fieldName>
</TAG>
<TAG>
<fieldID>327</fieldID><fieldName>HaltReason</fieldName>
</TAG>
<TAG>
<fieldID>328</fieldID><fieldName>InViewOfCommon</fieldName>
</TAG>
<TAG>
<fieldID>329</fieldID><fieldName>DueToRelated</fieldName>
</TAG>
<TAG>
<fieldID>330</fieldID><fieldName>BuyVolume</fieldName>
</TAG>
<TAG>
<fieldID>331</fieldID><fieldName>SellVolume</fieldName>
</TAG>
<TAG>
<fieldID>332</fieldID><fieldName>HighPx</fieldName>
</TAG>
<TAG>
<fieldID>333</fieldID><fieldName>LowPx</fieldName>
</TAG>
<TAG>
<fieldID>334</fieldID><fieldName>Adjustment</fieldName>
</TAG>
<TAG>
<fieldID>335</fieldID><fieldName>TradSesReqID</fieldName>
</TAG>
<TAG>
<fieldID>336</fieldID><fieldName>TradingSessionID</fieldName>
</TAG>
<TAG>
<fieldID>337</fieldID><fieldName>ContraTrader</fieldName>
</TAG>
<TAG>
<fieldID>338</fieldID><fieldName>TradSesMethod</fieldName>
</TAG>
<TAG>
<fieldID>339</fieldID><fieldName>TradSesMode</fieldName>
</TAG>
<TAG>
<fieldID>340</fieldID><fieldName>TradSesStatus</fieldName>
</TAG>
<TAG>
<fieldID>341</fieldID><fieldName>TradSesStartTime</fieldName>
</TAG>
<TAG>
<fieldID>342</fieldID><fieldName>TradSesOpenTime</fieldName>
</TAG>
<TAG>
<fieldID>343</fieldID><fieldName>TradSesPreCloseTime</fieldName>
</TAG>
<TAG>
<fieldID>344</fieldID><fieldName>TradSesCloseTime</fieldName>
</TAG>
<TAG>
<fieldID>345</fieldID><fieldName>TradSesEndTime</fieldName>
</TAG>
<TAG>
<fieldID>346</fieldID><fieldName>NumberOfOrders</fieldName>
</TAG>
<TAG>
<fieldID>347</fieldID><fieldName>MessageEncoding</fieldName>
</TAG>
<TAG>
<fieldID>348</fieldID><fieldName>EncodedIssuerLen</fieldName>
</TAG>
<TAG>
<fieldID>349</fieldID><fieldName>EncodedIssuer</fieldName>
</TAG>
<TAG>
<fieldID>350</fieldID><fieldName>EncodedSecurityDescLen</fieldName>
</TAG>
<TAG>
<fieldID>351</fieldID><fieldName>EncodedSecurityDesc</fieldName>
</TAG>
<TAG>
<fieldID>352</fieldID><fieldName>EncodedListExecInstLen</fieldName>
</TAG>
<TAG>
<fieldID>353</fieldID><fieldName>EncodedListExecInst</fieldName>
</TAG>
<TAG>
<fieldID>354</fieldID><fieldName>EncodedTextLen</fieldName>
</TAG>
<TAG>
<fieldID>355</fieldID><fieldName>EncodedText</fieldName>
</TAG>
<TAG>
<fieldID>356</fieldID><fieldName>EncodedSubjectLen</fieldName>
</TAG>
<TAG>
<fieldID>357</fieldID><fieldName>EncodedSubject</fieldName>
</TAG>
<TAG>
<fieldID>358</fieldID><fieldName>EncodedHeadlineLen</fieldName>
</TAG>
<TAG>
<fieldID>359</fieldID><fieldName>EncodedHeadline</fieldName>
</TAG>
<TAG>
<fieldID>360</fieldID><fieldName>EncodedAllocTextLen</fieldName>
</TAG>
<TAG>
<fieldID>361</fieldID><fieldName>EncodedAllocText</fieldName>
</TAG>
<TAG>
<fieldID>362</fieldID><fieldName>EncodedUnderlyingIssuerLen</fieldName>
</TAG>
<TAG>
<fieldID>363</fieldID><fieldName>EncodedUnderlyingIssuer</fieldName>
</TAG>
<TAG>
<fieldID>364</fieldID><fieldName>EncodedUnderlyingSecurityDescLen</fieldName>
</TAG>
<TAG>
<fieldID>365</fieldID><fieldName>EncodedUnderlyingSecurityDesc</fieldName>
</TAG>
<TAG>
<fieldID>366</fieldID><fieldName>AllocPrice</fieldName>
</TAG>
<TAG>
<fieldID>367</fieldID><fieldName>QuoteSetValidUntilTime</fieldName>
</TAG>
<TAG>
<fieldID>368</fieldID><fieldName>QuoteEntryRejectReason</fieldName>
</TAG>
<TAG>
<fieldID>369</fieldID><fieldName>LastMsgSeqNumProcessed</fieldName>
</TAG>
<TAG>
<fieldID>370</fieldID><fieldName>OnBehalfOfSendingTime</fieldName>
</TAG>
<TAG>
<fieldID>371</fieldID><fieldName>RefTagID</fieldName>
</TAG>
<TAG>
<fieldID>372</fieldID><fieldName>RefMsgType</fieldName>
</TAG>
<TAG>
<fieldID>373</fieldID><fieldName>SessionRejectReason</fieldName>
</TAG>
<TAG>
<fieldID>374</fieldID><fieldName>BidRequestTransType</fieldName>
</TAG>
<TAG>
<fieldID>375</fieldID><fieldName>ContraBroker</fieldName>
</TAG>
<TAG>
<fieldID>376</fieldID><fieldName>ComplianceID</fieldName>
</TAG>
<TAG>
<fieldID>377</fieldID><fieldName>SolicitedFlag</fieldName>
</TAG>
<TAG>
<fieldID>378</fieldID><fieldName>ExecRestatementReason</fieldName>
</TAG>
<TAG>
<fieldID>379</fieldID><fieldName>BusinessRejectRefID</fieldName>
</TAG>
<TAG>
<fieldID>380</fieldID><fieldName>BusinessRejectReason</fieldName>
</TAG>
<TAG>
<fieldID>381</fieldID><fieldName>GrossTradeAmt</fieldName>
</TAG>
<TAG>
<fieldID>382</fieldID><fieldName>NoContraBrokers</fieldName>
</TAG>
<TAG>
<fieldID>383</fieldID><fieldName>MaxMessageSize</fieldName>
</TAG>
<TAG>
<fieldID>384</fieldID><fieldName>NoMsgTypes</fieldName>
</TAG>
<TAG>
<fieldID>385</fieldID><fieldName>MsgDirection</fieldName>
</TAG>
<TAG>
<fieldID>386</fieldID><fieldName>NoTradingSessions</fieldName>
</TAG>
<TAG>
<fieldID>387</fieldID><fieldName>TotalVolumeTraded</fieldName>
</TAG>
<TAG>
<fieldID>388</fieldID><fieldName>DiscretionInst</fieldName>
</TAG>
<TAG>
<fieldID>389</fieldID><fieldName>DiscretionOffset</fieldName>
</TAG>
<TAG>
<fieldID>390</fieldID><fieldName>BidID</fieldName>
</TAG>
<TAG>
<fieldID>391</fieldID><fieldName>ClientBidID</fieldName>
</TAG>
<TAG>
<fieldID>392</fieldID><fieldName>ListName</fieldName>
</TAG>
<TAG>
<fieldID>393</fieldID><fieldName>TotalNumSecurities</fieldName>
</TAG>
<TAG>
<fieldID>394</fieldID><fieldName>BidType</fieldName>
</TAG>
<TAG>
<fieldID>395</fieldID><fieldName>NumTickets</fieldName>
</TAG>
<TAG>
<fieldID>396</fieldID><fieldName>SideValue1</fieldName>
</TAG>
<TAG>
<fieldID>397</fieldID><fieldName>SideValue2</fieldName>
</TAG>
<TAG>
<fieldID>398</fieldID><fieldName>NoBidDescriptors</fieldName>
</TAG>
<TAG>
<fieldID>399</fieldID><fieldName>BidDescriptorType</fieldName>
</TAG>
<TAG>
<fieldID>400</fieldID><fieldName>BidDescriptor</fieldName>
</TAG>
<TAG>
<fieldID>401</fieldID><fieldName>SideValueInd</fieldName>
</TAG>
<TAG>
<fieldID>402</fieldID><fieldName>LiquidityPctLow</fieldName>
</TAG>
<TAG>
<fieldID>403</fieldID><fieldName>LiquidityPctHigh</fieldName>
</TAG>
<TAG>
<fieldID>404</fieldID><fieldName>LiquidityValue</fieldName>
</TAG>
<TAG>
<fieldID>405</fieldID><fieldName>EFPTrackingError</fieldName>
</TAG>
<TAG>
<fieldID>406</fieldID><fieldName>FairValue</fieldName>
</TAG>
<TAG>
<fieldID>407</fieldID><fieldName>OutsideIndexPct</fieldName>
</TAG>
<TAG>
<fieldID>408</fieldID><fieldName>ValueOfFutures</fieldName>
</TAG>
<TAG>
<fieldID>409</fieldID><fieldName>LiquidityIndType</fieldName>
</TAG>
<TAG>
<fieldID>410</fieldID><fieldName>WtAverageLiquidity</fieldName>
</TAG>
<TAG>
<fieldID>411</fieldID><fieldName>ExchangeForPhysical</fieldName>
</TAG>
<TAG>
<fieldID>412</fieldID><fieldName>OutMainCntryUIndex</fieldName>
</TAG>
<TAG>
<fieldID>413</fieldID><fieldName>CrossPercent</fieldName>
</TAG>
<TAG>
<fieldID>414</fieldID><fieldName>ProgRptReqs</fieldName>
</TAG>
<TAG>
<fieldID>415</fieldID><fieldName>ProgPeriodInterval</fieldName>
</TAG>
<TAG>
<fieldID>416</fieldID><fieldName>IncTaxInd</fieldName>
</TAG>
<TAG>
<fieldID>417</fieldID><fieldName>NumBidders</fieldName>
</TAG>
<TAG>
<fieldID>418</fieldID><fieldName>TradeType</fieldName>
</TAG>
<TAG>
<fieldID>419</fieldID><fieldName>BasisPxType</fieldName>
</TAG>
<TAG>
<fieldID>420</fieldID><fieldName>NoBidComponents</fieldName>
</TAG>
<TAG>
<fieldID>421</fieldID><fieldName>Country</fieldName>
</TAG>
<TAG>
<fieldID>422</fieldID><fieldName>TotNoStrikes</fieldName>
</TAG>
<TAG>
<fieldID>423</fieldID><fieldName>PriceType</fieldName>
</TAG>
<TAG>
<fieldID>424</fieldID><fieldName>DayOrderQty</fieldName>
</TAG>
<TAG>
<fieldID>425</fieldID><fieldName>DayCumQty</fieldName>
</TAG>
<TAG>
<fieldID>426</fieldID><fieldName>DayAvgPx</fieldName>
</TAG>
<TAG>
<fieldID>427</fieldID><fieldName>GTBookingInst</fieldName>
</TAG>
<TAG>
<fieldID>428</fieldID><fieldName>NoStrikes</fieldName>
</TAG>
<TAG>
<fieldID>429</fieldID><fieldName>ListStatusType</fieldName>
</TAG>
<TAG>
<fieldID>430</fieldID><fieldName>NetGrossInd</fieldName>
</TAG>
<TAG>
<fieldID>431</fieldID><fieldName>ListOrderStatus</fieldName>
</TAG>
<TAG>
<fieldID>432</fieldID><fieldName>ExpireDate</fieldName>
</TAG>
<TAG>
<fieldID>433</fieldID><fieldName>ListExecInstType</fieldName>
</TAG>
<TAG>
<fieldID>434</fieldID><fieldName>CxlRejResponseTo</fieldName>
</TAG>
<TAG>
<fieldID>435</fieldID><fieldName>UnderlyingCouponRate</fieldName>
</TAG>
<TAG>
<fieldID>436</fieldID><fieldName>UnderlyingContractMultiplier</fieldName>
</TAG>
<TAG>
<fieldID>437</fieldID><fieldName>ContraTradeQty</fieldName>
</TAG>
<TAG>
<fieldID>438</fieldID><fieldName>ContraTradeTime</fieldName>
</TAG>
<TAG>
<fieldID>439</fieldID><fieldName>ClearingFirm</fieldName>
</TAG>
<TAG>
<fieldID>440</fieldID><fieldName>ClearingAccount</fieldName>
</TAG>
<TAG>
<fieldID>441</fieldID><fieldName>LiquidityNumSecurities</fieldName>
</TAG>
<TAG>
<fieldID>442</fieldID><fieldName>MultiLegReportingType</fieldName>
</TAG>

</TAGS>
