<?xml version="1.0"?>
<?xml-stylesheet type="text/xsl" href="style3.xsl"?>
<TAGS xmlns="x-schema:schema.xml">  
 
 
<FileName>Order Cancel Reject</FileName>  

	<TAG>
		<level0>
			<fieldID> </fieldID>

 			<fieldName>
				<msgName>StandardHeader</msgName>
				<shownName>Standard Header</shownName>
			</fieldName>

			<reqd>Y</reqd>

			<commts>MsgType = 9
</commts>
		</level0>
	</TAG>

	<TAG>
		<level0>
			<fieldID>37</fieldID>

 			<fieldName>
				<hiddenName>OrderID</hiddenName>
				<shownName>OrderID</shownName>
			</fieldName>

			<reqd>Y</reqd>

			<commts>If CxlRejReason=&quot;Unknown order&quot;, specify &quot;NONE&quot;.
</commts>
		</level0>
	</TAG>

	<TAG>
		<level0>
			<fieldID>198</fieldID>

 			<fieldName>
				<hiddenName>SecondaryOrderID</hiddenName>
				<shownName>SecondaryOrderID</shownName>
			</fieldName>

			<reqd>N</reqd>

			<commts>Can be used to provide order id used by exchange or executing system.
</commts>
		</level0>
	</TAG>

	<TAG>
		<level0>
			<fieldID>11</fieldID>

 			<fieldName>
				<hiddenName>ClOrdID</hiddenName>
				<shownName>ClOrdID</shownName>
			</fieldName>

			<reqd>Y</reqd>

			<commts>Unique order id assigned by institution to the cancel request or to the replacement order.
</commts>
		</level0>
	</TAG>

	<TAG>
		<level0>
			<fieldID>41</fieldID>

 			<fieldName>
				<hiddenName>OrigClOrdID</hiddenName>
				<shownName>OrigClOrdID</shownName>
			</fieldName>

			<reqd>Y</reqd>

			<commts>ClOrdID which could not be canceled/replaced. ClOrdID of the previous order (NOT the initial order of the day) when canceling or replacing an order.
</commts>
		</level0>
	</TAG>

	<TAG>
		<level0>
			<fieldID>39</fieldID>

 			<fieldName>
				<hiddenName>OrdStatus</hiddenName>
				<shownName>OrdStatus</shownName>
			</fieldName>

			<reqd>Y</reqd>

			<commts>OrdStatus value after this cancel reject is applied.
</commts>
		</level0>
	</TAG>

	<TAG>
		<level0>
			<fieldID>109</fieldID>

 			<fieldName>
				<hiddenName>ClientID</hiddenName>
				<shownName>ClientID</shownName>
			</fieldName>

			<reqd>N</reqd>

			<commts>Used for firm identification in third-party transactions.
</commts>
		</level0>
	</TAG>

	<TAG>
		<level0>
			<fieldID>76</fieldID>

 			<fieldName>
				<hiddenName>ExecBroker</hiddenName>
				<shownName>ExecBroker</shownName>
			</fieldName>

			<reqd>N</reqd>

			<commts>Used for firm identification in third-party transactions.
</commts>
		</level0>
	</TAG>

	<TAG>
		<level0>
			<fieldID>66</fieldID>

 			<fieldName>
				<hiddenName>ListID</hiddenName>
				<shownName>ListID</shownName>
			</fieldName>

			<reqd>N</reqd>

			<commts>Required for rejects against orders which were submitted as part of a list.
</commts>
		</level0>
	</TAG>

	<TAG>
		<level0>
			<fieldID>1</fieldID>

 			<fieldName>
				<hiddenName>Account</hiddenName>
				<shownName>Account</shownName>
			</fieldName>

			<reqd>N</reqd>

			<commts>
</commts>
		</level0>
	</TAG>

	<TAG>
		<level0>
			<fieldID>60</fieldID>

 			<fieldName>
				<hiddenName>TransactTime</hiddenName>
				<shownName>TransactTime</shownName>
			</fieldName>

			<reqd>N</reqd>

			<commts>
</commts>
		</level0>
	</TAG>

	<TAG>
		<level0>
			<fieldID>434</fieldID>

 			<fieldName>
				<hiddenName>CxlRejResponseTo</hiddenName>
				<shownName>CxlRejResponseTo</shownName>
			</fieldName>

			<reqd>Y</reqd>

			<commts>
</commts>
		</level0>
	</TAG>

	<TAG>
		<level0>
			<fieldID>102</fieldID>

 			<fieldName>
				<hiddenName>CxlRejReason</hiddenName>
				<shownName>CxlRejReason</shownName>
			</fieldName>

			<reqd>N</reqd>

			<commts>
</commts>
		</level0>
	</TAG>

	<TAG>
		<level0>
			<fieldID>58</fieldID>

 			<fieldName>
				<hiddenName>Text</hiddenName>
				<shownName>Text</shownName>
			</fieldName>

			<reqd>N</reqd>

			<commts>
</commts>
		</level0>
	</TAG>

	<TAG>
		<level0>
			<fieldID>354</fieldID>

 			<fieldName>
				<hiddenName>EncodedTextLen</hiddenName>
				<shownName>EncodedTextLen</shownName>
			</fieldName>

			<reqd>N</reqd>

			<commts>Must be set if EncodedText field is specified and must immediately precede it.
</commts>
		</level0>
	</TAG>

	<TAG>
		<level0>
			<fieldID>355</fieldID>

 			<fieldName>
				<hiddenName>EncodedText</hiddenName>
				<shownName>EncodedText</shownName>
			</fieldName>

			<reqd>N</reqd>

			<commts>Encoded (non-ASCII characters) representation of the Text field in the encoded format specified via the MessageEncoding field.
</commts>
		</level0>
	</TAG>

	<TAG>
		<level0>
			<fieldID> </fieldID>

 			<fieldName>
				<msgName>StandardTrailer</msgName>
				<shownName>Standard Trailer</shownName>
			</fieldName>

			<reqd>Y</reqd>

			<commts>
</commts>
		</level0>	</TAG>


</TAGS>
