<?xml version="1.0"?>
<?xml-stylesheet type="text/xsl" href="style3.xsl"?>
<TAGS xmlns="x-schema:schema.xml">  
 
 
<FileName>ORder Cancel Request</FileName>  

	<TAG>
		<level0>
			<fieldID> </fieldID>

 			<fieldName>
				<msgName>StandardHeader</msgName>
				<shownName>Standard Header</shownName>
			</fieldName>

			<reqd>Y</reqd>

			<commts>MsgType = F
</commts>
		</level0>
	</TAG>

	<TAG>
		<level0>
			<fieldID>41</fieldID>

 			<fieldName>
				<hiddenName>OrigClOrdID</hiddenName>
				<shownName>OrigClOrdID</shownName>
			</fieldName>

			<reqd>Y</reqd>

			<commts>ClOrdID of the previous order (NOT the initial order of the day) when canceling or replacing an order.
</commts>
		</level0>
	</TAG>

	<TAG>
		<level0>
			<fieldID>37</fieldID>

 			<fieldName>
				<hiddenName>OrderID</hiddenName>
				<shownName>OrderID</shownName>
			</fieldName>

			<reqd>N</reqd>

			<commts>Unique identifier of most recent order as assigned by broker.
</commts>
		</level0>
	</TAG>

	<TAG>
		<level0>
			<fieldID>11</fieldID>

 			<fieldName>
				<hiddenName>ClOrdID</hiddenName>
				<shownName>ClOrdID</shownName>
			</fieldName>

			<reqd>Y</reqd>

			<commts>Unique ID of cancel request as assigned by the institution.
</commts>
		</level0>
	</TAG>

	<TAG>
		<level0>
			<fieldID>66</fieldID>

 			<fieldName>
				<hiddenName>ListID</hiddenName>
				<shownName>ListID</shownName>
			</fieldName>

			<reqd>N</reqd>

			<commts>Required for List Orders
</commts>
		</level0>
	</TAG>

	<TAG>
		<level0>
			<fieldID>1</fieldID>

 			<fieldName>
				<hiddenName>Account</hiddenName>
				<shownName>Account</shownName>
			</fieldName>

			<reqd>N</reqd>

			<commts>
</commts>
		</level0>
	</TAG>

	<TAG>
		<level0>
			<fieldID>109</fieldID>

 			<fieldName>
				<hiddenName>ClientID</hiddenName>
				<shownName>ClientID</shownName>
			</fieldName>

			<reqd>N</reqd>

			<commts>Used for firm identification in third-party transactions.
</commts>
		</level0>
	</TAG>

	<TAG>
		<level0>
			<fieldID>76</fieldID>

 			<fieldName>
				<hiddenName>ExecBroker</hiddenName>
				<shownName>ExecBroker</shownName>
			</fieldName>

			<reqd>N</reqd>

			<commts>Used for firm identification in third-party transactions.
</commts>
		</level0>
	</TAG>

	<TAG>
		<level0>
			<fieldID>55</fieldID>

 			<fieldName>
				<hiddenName>Symbol</hiddenName>
				<shownName>Symbol</shownName>
			</fieldName>

			<reqd>Y</reqd>

			<commts>
</commts>
		</level0>
	</TAG>

	<TAG>
		<level0>
			<fieldID>65</fieldID>

 			<fieldName>
				<hiddenName>SymbolSfx</hiddenName>
				<shownName>SymbolSfx</shownName>
			</fieldName>

			<reqd>N</reqd>

			<commts>
</commts>
		</level0>
	</TAG>

	<TAG>
		<level0>
			<fieldID>48</fieldID>

 			<fieldName>
				<hiddenName>SecurityID</hiddenName>
				<shownName>SecurityID</shownName>
			</fieldName>

			<reqd>N</reqd>

			<commts>
</commts>
		</level0>
	</TAG>

	<TAG>
		<level0>
			<fieldID>22</fieldID>

 			<fieldName>
				<hiddenName>IDSource</hiddenName>
				<shownName>IDSource</shownName>
			</fieldName>

			<reqd>N</reqd>

			<commts>
</commts>
		</level0>
	</TAG>

	<TAG>
		<level0>
			<fieldID>167</fieldID>

 			<fieldName>
				<hiddenName>SecurityType</hiddenName>
				<shownName>SecurityType</shownName>
			</fieldName>

			<reqd>N</reqd>

			<commts>Must be specified if a Future or Option.  If a Future: Symbol, SecurityType, and MaturityMonthYear are required.  If an Option: Symbol, SecurityType, MaturityMonthYear, PutOrCall, and StrikePrice are required.
</commts>
		</level0>
	</TAG>

	<TAG>
		<level0>
			<fieldID>200</fieldID>

 			<fieldName>
				<hiddenName>MaturityMonthYear</hiddenName>
				<shownName>MaturityMonthYear</shownName>
			</fieldName>

			<reqd>N</reqd>

			<commts>For Options or Futures to specify the month and year of maturity.
</commts>
		</level0>
	</TAG>

	<TAG>
		<level0>
			<fieldID>205</fieldID>

 			<fieldName>
				<hiddenName>MaturityDay</hiddenName>
				<shownName>MaturityDay</shownName>
			</fieldName>

			<reqd>N</reqd>

			<commts>For Options or Futures and can be used in conjunction with MaturityMonthYear to specify a particular maturity date.
</commts>
		</level0>
	</TAG>

	<TAG>
		<level0>
			<fieldID>201</fieldID>

 			<fieldName>
				<hiddenName>PutOrCall</hiddenName>
				<shownName>PutOrCall</shownName>
			</fieldName>

			<reqd>N</reqd>

			<commts>For Options.
</commts>
		</level0>
	</TAG>

	<TAG>
		<level0>
			<fieldID>202</fieldID>

 			<fieldName>
				<hiddenName>StrikePrice</hiddenName>
				<shownName>StrikePrice</shownName>
			</fieldName>

			<reqd>N</reqd>

			<commts>For Options.
</commts>
		</level0>
	</TAG>

	<TAG>
		<level0>
			<fieldID>206</fieldID>

 			<fieldName>
				<hiddenName>OptAttribute</hiddenName>
				<shownName>OptAttribute</shownName>
			</fieldName>

			<reqd>N</reqd>

			<commts>For Options.
</commts>
		</level0>
	</TAG>

	<TAG>
		<level0>
			<fieldID>231</fieldID>

 			<fieldName>
				<hiddenName>ContractMultiplier</hiddenName>
				<shownName>ContractMultiplier</shownName>
			</fieldName>

			<reqd>N</reqd>

			<commts>For Fixed Income, Convertible Bonds, Derivatives, etc.  Note: If used, quantities should be expressed in the &quot;nominal&quot; (e.g. contracts vs. shares) amount.
</commts>
		</level0>
	</TAG>

	<TAG>
		<level0>
			<fieldID>223</fieldID>

 			<fieldName>
				<hiddenName>CouponRate</hiddenName>
				<shownName>CouponRate</shownName>
			</fieldName>

			<reqd>N</reqd>

			<commts>For Fixed Income.
</commts>
		</level0>
	</TAG>

	<TAG>
		<level0>
			<fieldID>207</fieldID>

 			<fieldName>
				<hiddenName>SecurityExchange</hiddenName>
				<shownName>SecurityExchange</shownName>
			</fieldName>

			<reqd>N</reqd>

			<commts>Can be used to identify the security.
</commts>
		</level0>
	</TAG>

	<TAG>
		<level0>
			<fieldID>106</fieldID>

 			<fieldName>
				<hiddenName>Issuer</hiddenName>
				<shownName>Issuer</shownName>
			</fieldName>

			<reqd>N</reqd>

			<commts>
</commts>
		</level0>
	</TAG>

	<TAG>
		<level0>
			<fieldID>348</fieldID>

 			<fieldName>
				<hiddenName>EncodedIssuerLen</hiddenName>
				<shownName>EncodedIssuerLen</shownName>
			</fieldName>

			<reqd>N</reqd>

			<commts>Must be set if EncodedIssuer field is specified and must immediately precede it.
</commts>
		</level0>
	</TAG>

	<TAG>
		<level0>
			<fieldID>349</fieldID>

 			<fieldName>
				<hiddenName>EncodedIssuer</hiddenName>
				<shownName>EncodedIssuer</shownName>
			</fieldName>

			<reqd>N</reqd>

			<commts>Encoded (non-ASCII characters) representation of the Issuer field in the encoded format specified via the MessageEncoding field.
</commts>
		</level0>
	</TAG>

	<TAG>
		<level0>
			<fieldID>107</fieldID>

 			<fieldName>
				<hiddenName>SecurityDesc</hiddenName>
				<shownName>SecurityDesc</shownName>
			</fieldName>

			<reqd>N</reqd>

			<commts>
</commts>
		</level0>
	</TAG>

	<TAG>
		<level0>
			<fieldID>350</fieldID>

 			<fieldName>
				<hiddenName>EncodedSecurityDescLen</hiddenName>
				<shownName>EncodedSecurityDescLen</shownName>
			</fieldName>

			<reqd>N</reqd>

			<commts>Must be set if EncodedSecurityDesc field is specified and must immediately precede it.
</commts>
		</level0>
	</TAG>

	<TAG>
		<level0>
			<fieldID>351</fieldID>

 			<fieldName>
				<hiddenName>EncodedSecurityDesc</hiddenName>
				<shownName>EncodedSecurityDesc</shownName>
			</fieldName>

			<reqd>N</reqd>

			<commts>Encoded (non-ASCII characters) representation of the SecurityDesc field in the encoded format specified via the MessageEncoding field.
</commts>
		</level0>
	</TAG>

	<TAG>
		<level0>
			<fieldID>54</fieldID>

 			<fieldName>
				<hiddenName>Side</hiddenName>
				<shownName>Side</shownName>
			</fieldName>

			<reqd>Y</reqd>

			<commts>
</commts>
		</level0>
	</TAG>

	<TAG>
		<level0>
			<fieldID>60</fieldID>

 			<fieldName>
				<hiddenName>TransactTime</hiddenName>
				<shownName>TransactTime</shownName>
			</fieldName>

			<reqd>Y</reqd>

			<commts>Time this order request was initiated/released by the trader or trading system.
</commts>
		</level0>
	</TAG>

	<TAG>
		<level0>
			<fieldID>38</fieldID>

 			<fieldName>
				<hiddenName>OrderQty</hiddenName>
				<shownName>OrderQty</shownName>
			</fieldName>

			<reqd>N</reqd>

			<commts>Either CashOrderQty or OrderQty is required.    OrderQty = CumQty + LeavesQty (see exceptions above)
</commts>
		</level0>
	</TAG>

	<TAG>
		<level0>
			<fieldID>152</fieldID>

 			<fieldName>
				<hiddenName>CashOrderQty</hiddenName>
				<shownName>CashOrderQty</shownName>
			</fieldName>

			<reqd>N</reqd>

			<commts>Either CashOrderQty or OrderQty is required.  Specifies the approximate &quot;monetary quantity&quot; for the order.  Broker is responsible for converting and calculating OrderQty in shares for subsequent messages.
</commts>
		</level0>
	</TAG>

	<TAG>
		<level0>
			<fieldID>376</fieldID>

 			<fieldName>
				<hiddenName>ComplianceID</hiddenName>
				<shownName>ComplianceID</shownName>
			</fieldName>

			<reqd>N</reqd>

			<commts>
</commts>
		</level0>
	</TAG>

	<TAG>
		<level0>
			<fieldID>377</fieldID>

 			<fieldName>
				<hiddenName>SolicitedFlag</hiddenName>
				<shownName>SolicitedFlag</shownName>
			</fieldName>

			<reqd>N</reqd>

			<commts>
</commts>
		</level0>
	</TAG>

	<TAG>
		<level0>
			<fieldID>58</fieldID>

 			<fieldName>
				<hiddenName>Text</hiddenName>
				<shownName>Text</shownName>
			</fieldName>

			<reqd>N</reqd>

			<commts>
</commts>
		</level0>
	</TAG>

	<TAG>
		<level0>
			<fieldID>354</fieldID>

 			<fieldName>
				<hiddenName>EncodedTextLen</hiddenName>
				<shownName>EncodedTextLen</shownName>
			</fieldName>

			<reqd>N</reqd>

			<commts>Must be set if EncodedText field is specified and must immediately precede it.
</commts>
		</level0>
	</TAG>

	<TAG>
		<level0>
			<fieldID>355</fieldID>

 			<fieldName>
				<hiddenName>EncodedText</hiddenName>
				<shownName>EncodedText</shownName>
			</fieldName>

			<reqd>N</reqd>

			<commts>Encoded (non-ASCII characters) representation of the Text field in the encoded format specified via the MessageEncoding field.
</commts>
		</level0>
	</TAG>

	<TAG>
		<level0>
			<fieldID> </fieldID>

 			<fieldName>
				<msgName>StandardTrailer</msgName>
				<shownName>Standard Trailer</shownName>
			</fieldName>

			<reqd>Y</reqd>

			<commts>
</commts>
		</level0>	</TAG>


</TAGS>
