<?xml version="1.0"?>
<?xml-stylesheet type="text/xsl" href="style3.xsl"?>
<TAGS xmlns="x-schema:schema.xml">  
 
 
<FileName>Order Cancel / Replace Request (a.k.a. Order Modification Request)</FileName>  

	<TAG>
		<level0>
			<fieldID> </fieldID>

 			<fieldName>
				<msgName>StandardHeader</msgName>
				<shownName>Standard Header</shownName>
			</fieldName>

			<reqd>Y</reqd>

			<commts>MsgType = G
</commts>
		</level0>
	</TAG>

	<TAG>
		<level0>
			<fieldID>37</fieldID>

 			<fieldName>
				<hiddenName>OrderID</hiddenName>
				<shownName>OrderID</shownName>
			</fieldName>

			<reqd>N</reqd>

			<commts>Unique identifier of most recent order as assigned by broker.
</commts>
		</level0>
	</TAG>

	<TAG>
		<level0>
			<fieldID>109</fieldID>

 			<fieldName>
				<hiddenName>ClientID</hiddenName>
				<shownName>ClientID</shownName>
			</fieldName>

			<reqd>N</reqd>

			<commts>Used for firm identification in third-party transactions.
</commts>
		</level0>
	</TAG>

	<TAG>
		<level0>
			<fieldID>76</fieldID>

 			<fieldName>
				<hiddenName>ExecBroker</hiddenName>
				<shownName>ExecBroker</shownName>
			</fieldName>

			<reqd>N</reqd>

			<commts>Used for firm identification in third-party transactions.
</commts>
		</level0>
	</TAG>

	<TAG>
		<level0>
			<fieldID>41</fieldID>

 			<fieldName>
				<hiddenName>OrigClOrdID</hiddenName>
				<shownName>OrigClOrdID</shownName>
			</fieldName>

			<reqd>Y</reqd>

			<commts>ClOrdID of the previous order (NOT the initial order of the day) when canceling or replacing an order.<BR />
</commts>
		</level0>
	</TAG>

	<TAG>
		<level0>
			<fieldID>11</fieldID>

 			<fieldName>
				<hiddenName>ClOrdID</hiddenName>
				<shownName>ClOrdID</shownName>
			</fieldName>

			<reqd>Y</reqd>

			<commts>Unique identifier of replacement order as assigned by institution.  Note that this identifier will be used in ClOrdID field of the Cancel Reject message if the replacement request is rejected.
</commts>
		</level0>
	</TAG>

	<TAG>
		<level0>
			<fieldID>66</fieldID>

 			<fieldName>
				<hiddenName>ListID</hiddenName>
				<shownName>ListID</shownName>
			</fieldName>

			<reqd>N</reqd>

			<commts>Required for List Orders
</commts>
		</level0>
	</TAG>

	<TAG>
		<level0>
			<fieldID>1</fieldID>

 			<fieldName>
				<hiddenName>Account</hiddenName>
				<shownName>Account</shownName>
			</fieldName>

			<reqd>N</reqd>

			<commts>
</commts>
		</level0>
	</TAG>

	<TAG>
		<level0>
			<fieldID>78</fieldID>

 			<fieldName>
				<hiddenName>NoAllocs</hiddenName>
				<shownName>NoAllocs</shownName>
			</fieldName>

			<reqd>N</reqd>

			<commts>Number of repeating groups for pre-trade allocation
</commts>


 
	<TAG>
		<level1>
			<fieldID>79</fieldID>

 			<fieldName>
				<hiddenName>AllocAccount</hiddenName>
				<shownName>AllocAccount</shownName>
			</fieldName>

			<reqd>N</reqd>

			<commts>Required if NoAllocs &gt; 0.  Must be first field in repeating group.
</commts>
		</level1>
	</TAG>

 
	<TAG>
		<level1>
			<fieldID>80</fieldID>

 			<fieldName>
				<hiddenName>AllocShares</hiddenName>
				<shownName>AllocShares</shownName>
			</fieldName>

			<reqd>N</reqd>

			<commts>
</commts>
		</level1>	</TAG>		</level0>	</TAG>

	<TAG>
		<level0>
			<fieldID>63</fieldID>

 			<fieldName>
				<hiddenName>SettlmntTyp</hiddenName>
				<shownName>SettlmntTyp</shownName>
			</fieldName>

			<reqd>N</reqd>

			<commts>Absence of this field is interpreted as Regular.
</commts>
		</level0>
	</TAG>

	<TAG>
		<level0>
			<fieldID>64</fieldID>

 			<fieldName>
				<hiddenName>FutSettDate</hiddenName>
				<shownName>FutSettDate</shownName>
			</fieldName>

			<reqd>N</reqd>

			<commts>Required when SettlmntTyp = 6 (Future) or SettlmntTyp = 8 (Sellers Option)
</commts>
		</level0>
	</TAG>

	<TAG>
		<level0>
			<fieldID>21</fieldID>

 			<fieldName>
				<hiddenName>HandlInst</hiddenName>
				<shownName>HandlInst</shownName>
			</fieldName>

			<reqd>Y</reqd>

			<commts>
</commts>
		</level0>
	</TAG>

	<TAG>
		<level0>
			<fieldID>18</fieldID>

 			<fieldName>
				<hiddenName>ExecInst</hiddenName>
				<shownName>ExecInst</shownName>
			</fieldName>

			<reqd>N</reqd>

			<commts>Can contain multiple instructions, space delimited.  Replacement order must be created with new parameters  (i.e. original order values will not be brought forward to replacement order unless redefined within this message).
</commts>
		</level0>
	</TAG>

	<TAG>
		<level0>
			<fieldID>110</fieldID>

 			<fieldName>
				<hiddenName>MinQty</hiddenName>
				<shownName>MinQty</shownName>
			</fieldName>

			<reqd>N</reqd>

			<commts>
</commts>
		</level0>
	</TAG>

	<TAG>
		<level0>
			<fieldID>111</fieldID>

 			<fieldName>
				<hiddenName>MaxFloor</hiddenName>
				<shownName>MaxFloor</shownName>
			</fieldName>

			<reqd>N</reqd>

			<commts>
</commts>
		</level0>
	</TAG>

	<TAG>
		<level0>
			<fieldID>100</fieldID>

 			<fieldName>
				<hiddenName>ExDestination</hiddenName>
				<shownName>ExDestination</shownName>
			</fieldName>

			<reqd>N</reqd>

			<commts>
</commts>
		</level0>
	</TAG>

	<TAG>
		<level0>
			<fieldID>386</fieldID>

 			<fieldName>
				<hiddenName>NoTradingSessions</hiddenName>
				<shownName>NoTradingSessions</shownName>
			</fieldName>

			<reqd>N</reqd>

			<commts>Specifies the number of repeating TradingSessionIDs
</commts>


 
	<TAG>
		<level1>
			<fieldID>336</fieldID>

 			<fieldName>
				<hiddenName>TradingSessionID</hiddenName>
				<shownName>TradingSessionID</shownName>
			</fieldName>

			<reqd>N</reqd>

			<commts>Required if NoTradingSessions is &gt; 0.
</commts>
		</level1>	</TAG>		</level0>	</TAG>

	<TAG>
		<level0>
			<fieldID>55</fieldID>

 			<fieldName>
				<hiddenName>Symbol</hiddenName>
				<shownName>Symbol</shownName>
			</fieldName>

			<reqd>Y</reqd>

			<commts>Must match original order
</commts>
		</level0>
	</TAG>

	<TAG>
		<level0>
			<fieldID>65</fieldID>

 			<fieldName>
				<hiddenName>SymbolSfx</hiddenName>
				<shownName>SymbolSfx</shownName>
			</fieldName>

			<reqd>N</reqd>

			<commts>
</commts>
		</level0>
	</TAG>

	<TAG>
		<level0>
			<fieldID>48</fieldID>

 			<fieldName>
				<hiddenName>SecurityID</hiddenName>
				<shownName>SecurityID</shownName>
			</fieldName>

			<reqd>N</reqd>

			<commts>Must match original order
</commts>
		</level0>
	</TAG>

	<TAG>
		<level0>
			<fieldID>22</fieldID>

 			<fieldName>
				<hiddenName>IDSource</hiddenName>
				<shownName>IDSource</shownName>
			</fieldName>

			<reqd>N</reqd>

			<commts>Must match original order
</commts>
		</level0>
	</TAG>

	<TAG>
		<level0>
			<fieldID>167</fieldID>

 			<fieldName>
				<hiddenName>SecurityType</hiddenName>
				<shownName>SecurityType</shownName>
			</fieldName>

			<reqd>N</reqd>

			<commts>Must be specified if a Future or Option.  If a Future: Symbol, SecurityType, and MaturityMonthYear are required.  If an Option: Symbol, SecurityType, MaturityMonthYear, PutOrCall, and StrikePrice are required.
</commts>
		</level0>
	</TAG>

	<TAG>
		<level0>
			<fieldID>200</fieldID>

 			<fieldName>
				<hiddenName>MaturityMonthYear</hiddenName>
				<shownName>MaturityMonthYear</shownName>
			</fieldName>

			<reqd>N</reqd>

			<commts>For Options or Futures to specify the month and year of maturity.
</commts>
		</level0>
	</TAG>

	<TAG>
		<level0>
			<fieldID>205</fieldID>

 			<fieldName>
				<hiddenName>MaturityDay</hiddenName>
				<shownName>MaturityDay</shownName>
			</fieldName>

			<reqd>N</reqd>

			<commts>For Options or Futures and can be used in conjunction with MaturityMonthYear to specify a particular maturity date.
</commts>
		</level0>
	</TAG>

	<TAG>
		<level0>
			<fieldID>201</fieldID>

 			<fieldName>
				<hiddenName>PutOrCall</hiddenName>
				<shownName>PutOrCall</shownName>
			</fieldName>

			<reqd>N</reqd>

			<commts>For Options.
</commts>
		</level0>
	</TAG>

	<TAG>
		<level0>
			<fieldID>202</fieldID>

 			<fieldName>
				<hiddenName>StrikePrice</hiddenName>
				<shownName>StrikePrice</shownName>
			</fieldName>

			<reqd>N</reqd>

			<commts>For Options.
</commts>
		</level0>
	</TAG>

	<TAG>
		<level0>
			<fieldID>206</fieldID>

 			<fieldName>
				<hiddenName>OptAttribute</hiddenName>
				<shownName>OptAttribute</shownName>
			</fieldName>

			<reqd>N</reqd>

			<commts>For Options.
</commts>
		</level0>
	</TAG>

	<TAG>
		<level0>
			<fieldID>231</fieldID>

 			<fieldName>
				<hiddenName>ContractMultiplier</hiddenName>
				<shownName>ContractMultiplier</shownName>
			</fieldName>

			<reqd>N</reqd>

			<commts>For Fixed Income, Convertible Bonds, Derivatives, etc.  Note: If used, quantities should be expressed in the &quot;nominal&quot; (e.g. contracts vs. shares) amount.
</commts>
		</level0>
	</TAG>

	<TAG>
		<level0>
			<fieldID>223</fieldID>

 			<fieldName>
				<hiddenName>CouponRate</hiddenName>
				<shownName>CouponRate</shownName>
			</fieldName>

			<reqd>N</reqd>

			<commts>For Fixed Income.
</commts>
		</level0>
	</TAG>

	<TAG>
		<level0>
			<fieldID>207</fieldID>

 			<fieldName>
				<hiddenName>SecurityExchange</hiddenName>
				<shownName>SecurityExchange</shownName>
			</fieldName>

			<reqd>N</reqd>

			<commts>Can be used to identify the security.
</commts>
		</level0>
	</TAG>

	<TAG>
		<level0>
			<fieldID>106</fieldID>

 			<fieldName>
				<hiddenName>Issuer</hiddenName>
				<shownName>Issuer</shownName>
			</fieldName>

			<reqd>N</reqd>

			<commts>
</commts>
		</level0>
	</TAG>

	<TAG>
		<level0>
			<fieldID>348</fieldID>

 			<fieldName>
				<hiddenName>EncodedIssuerLen</hiddenName>
				<shownName>EncodedIssuerLen</shownName>
			</fieldName>

			<reqd>N</reqd>

			<commts>Must be set if EncodedIssuer field is specified and must immediately precede it.
</commts>
		</level0>
	</TAG>

	<TAG>
		<level0>
			<fieldID>349</fieldID>

 			<fieldName>
				<hiddenName>EncodedIssuer</hiddenName>
				<shownName>EncodedIssuer</shownName>
			</fieldName>

			<reqd>N</reqd>

			<commts>Encoded (non-ASCII characters) representation of the Issuer field in the encoded format specified via the MessageEncoding field.
</commts>
		</level0>
	</TAG>

	<TAG>
		<level0>
			<fieldID>107</fieldID>

 			<fieldName>
				<hiddenName>SecurityDesc</hiddenName>
				<shownName>SecurityDesc</shownName>
			</fieldName>

			<reqd>N</reqd>

			<commts>
</commts>
		</level0>
	</TAG>

	<TAG>
		<level0>
			<fieldID>350</fieldID>

 			<fieldName>
				<hiddenName>EncodedSecurityDescLen</hiddenName>
				<shownName>EncodedSecurityDescLen</shownName>
			</fieldName>

			<reqd>N</reqd>

			<commts>Must be set if EncodedSecurityDesc field is specified and must immediately precede it.
</commts>
		</level0>
	</TAG>

	<TAG>
		<level0>
			<fieldID>351</fieldID>

 			<fieldName>
				<hiddenName>EncodedSecurityDesc</hiddenName>
				<shownName>EncodedSecurityDesc</shownName>
			</fieldName>

			<reqd>N</reqd>

			<commts>Encoded (non-ASCII characters) representation of the SecurityDesc field in the encoded format specified via the MessageEncoding field.
</commts>
		</level0>
	</TAG>

	<TAG>
		<level0>
			<fieldID>54</fieldID>

 			<fieldName>
				<hiddenName>Side</hiddenName>
				<shownName>Side</shownName>
			</fieldName>

			<reqd>Y</reqd>

			<commts>Must match original side, however, Buy and Buy Minus can be interchanged as well as Sell and Sell Plus
</commts>
		</level0>
	</TAG>

	<TAG>
		<level0>
			<fieldID>60</fieldID>

 			<fieldName>
				<hiddenName>TransactTime</hiddenName>
				<shownName>TransactTime</shownName>
			</fieldName>

			<reqd>Y</reqd>

			<commts>Time this order request was initiated/released by the trader or trading system.
</commts>
		</level0>
	</TAG>

	<TAG>
		<level0>
			<fieldID>38</fieldID>

 			<fieldName>
				<hiddenName>OrderQty</hiddenName>
				<shownName>OrderQty</shownName>
			</fieldName>

			<reqd>N</reqd>

			<commts>Either CashOrderQty or OrderQty is required.  Should be the &quot;Total Intended Order Quantity&quot; (including the amount already executed for this chain of orders)
</commts>
		</level0>
	</TAG>

	<TAG>
		<level0>
			<fieldID>152</fieldID>

 			<fieldName>
				<hiddenName>CashOrderQty</hiddenName>
				<shownName>CashOrderQty</shownName>
			</fieldName>

			<reqd>N</reqd>

			<commts>Either CashOrderQty or OrderQty is required.  Specifies the approximate &quot;monetary quantity&quot; for the order.  Broker is responsible for converting and calculating OrderQty in shares for subsequent messages.
</commts>
		</level0>
	</TAG>

	<TAG>
		<level0>
			<fieldID>40</fieldID>

 			<fieldName>
				<hiddenName>OrdType</hiddenName>
				<shownName>OrdType</shownName>
			</fieldName>

			<reqd>Y</reqd>

			<commts>
</commts>
		</level0>
	</TAG>

	<TAG>
		<level0>
			<fieldID>44</fieldID>

 			<fieldName>
				<hiddenName>Price</hiddenName>
				<shownName>Price</shownName>
			</fieldName>

			<reqd>N</reqd>

			<commts>Required for limit OrdTypes. For F/X orders, should be the &quot;all-in&quot; rate (spot rate adjusted for forward points). Can be used to specify a limit price for a pegged order, previously indicated, etc.
</commts>
		</level0>
	</TAG>

	<TAG>
		<level0>
			<fieldID>99</fieldID>

 			<fieldName>
				<hiddenName>StopPx</hiddenName>
				<shownName>StopPx</shownName>
			</fieldName>

			<reqd>N</reqd>

			<commts>Required for OrdType = &quot;Stop&quot; or OrdType = &quot;Stop limit&quot;.
</commts>
		</level0>
	</TAG>

	<TAG>
		<level0>
			<fieldID>211</fieldID>

 			<fieldName>
				<hiddenName>PegDifference</hiddenName>
				<shownName>PegDifference</shownName>
			</fieldName>

			<reqd>N</reqd>

			<commts>Amount (signed) added to the price of the peg
</commts>
		</level0>
	</TAG>

	<TAG>
		<level0>
			<fieldID>388</fieldID>

 			<fieldName>
				<hiddenName>DiscretionInst</hiddenName>
				<shownName>DiscretionInst</shownName>
			</fieldName>

			<reqd>N</reqd>

			<commts>Code to identify the price a DiscretionOffset is related to and should be mathematically added to. Required if DiscretionOffset is specified.
</commts>
		</level0>
	</TAG>

	<TAG>
		<level0>
			<fieldID>389</fieldID>

 			<fieldName>
				<hiddenName>DiscretionOffset</hiddenName>
				<shownName>DiscretionOffset</shownName>
			</fieldName>

			<reqd>N</reqd>

			<commts>Amount (signed) added to the &quot;related to&quot; price specified via DiscretionInst.
</commts>
		</level0>
	</TAG>

	<TAG>
		<level0>
			<fieldID>376</fieldID>

 			<fieldName>
				<hiddenName>ComplianceID</hiddenName>
				<shownName>ComplianceID</shownName>
			</fieldName>

			<reqd>N</reqd>

			<commts>
</commts>
		</level0>
	</TAG>

	<TAG>
		<level0>
			<fieldID>377</fieldID>

 			<fieldName>
				<hiddenName>SolicitedFlag</hiddenName>
				<shownName>SolicitedFlag</shownName>
			</fieldName>

			<reqd>N</reqd>

			<commts>
</commts>
		</level0>
	</TAG>

	<TAG>
		<level0>
			<fieldID>15</fieldID>

 			<fieldName>
				<hiddenName>Currency</hiddenName>
				<shownName>Currency</shownName>
			</fieldName>

			<reqd>N</reqd>

			<commts>Must match original order.
</commts>
		</level0>
	</TAG>

	<TAG>
		<level0>
			<fieldID>59</fieldID>

 			<fieldName>
				<hiddenName>TimeInForce</hiddenName>
				<shownName>TimeInForce</shownName>
			</fieldName>

			<reqd>N</reqd>

			<commts>Absence of this field indicates Day order
</commts>
		</level0>
	</TAG>

	<TAG>
		<level0>
			<fieldID>168</fieldID>

 			<fieldName>
				<hiddenName>EffectiveTime</hiddenName>
				<shownName>EffectiveTime</shownName>
			</fieldName>

			<reqd>N</reqd>

			<commts>Can specify the time at which the order should be considered valid
</commts>
		</level0>
	</TAG>

	<TAG>
		<level0>
			<fieldID>432</fieldID>

 			<fieldName>
				<hiddenName>ExpireDate</hiddenName>
				<shownName>ExpireDate</shownName>
			</fieldName>

			<reqd>N</reqd>

			<commts>Conditionally required if TimeInForce = GTD and ExpireTime is not specified.
</commts>
		</level0>
	</TAG>

	<TAG>
		<level0>
			<fieldID>126</fieldID>

 			<fieldName>
				<hiddenName>ExpireTime</hiddenName>
				<shownName>ExpireTime</shownName>
			</fieldName>

			<reqd>N</reqd>

			<commts>Conditionally required if TimeInForce = GTD and ExpireDate is not specified.
</commts>
		</level0>
	</TAG>

	<TAG>
		<level0>
			<fieldID>12</fieldID>

 			<fieldName>
				<hiddenName>Commission</hiddenName>
				<shownName>Commission</shownName>
			</fieldName>

			<reqd>N</reqd>

			<commts>
</commts>
		</level0>
	</TAG>

	<TAG>
		<level0>
			<fieldID>13</fieldID>

 			<fieldName>
				<hiddenName>CommType</hiddenName>
				<shownName>CommType</shownName>
			</fieldName>

			<reqd>N</reqd>

			<commts>
</commts>
		</level0>
	</TAG>

	<TAG>
		<level0>
			<fieldID>47</fieldID>

 			<fieldName>
				<hiddenName>Rule80A</hiddenName>
				<shownName>Rule80A
(aka OrderCapacity)</shownName>
			</fieldName>

			<reqd>N</reqd>

			<commts>Must match original order
</commts>
		</level0>
	</TAG>

	<TAG>
		<level0>
			<fieldID>121</fieldID>

 			<fieldName>
				<hiddenName>ForexReq</hiddenName>
				<shownName>ForexReq</shownName>
			</fieldName>

			<reqd>N</reqd>

			<commts>Indicates that broker is requested to execute a Forex accommodation trade in conjunction with the security trade.  
</commts>
		</level0>
	</TAG>

	<TAG>
		<level0>
			<fieldID>120</fieldID>

 			<fieldName>
				<hiddenName>SettlCurrency</hiddenName>
				<shownName>SettlCurrency</shownName>
			</fieldName>

			<reqd>N</reqd>

			<commts>Required if ForexReq = Y.
</commts>
		</level0>
	</TAG>

	<TAG>
		<level0>
			<fieldID>58</fieldID>

 			<fieldName>
				<hiddenName>Text</hiddenName>
				<shownName>Text</shownName>
			</fieldName>

			<reqd>N</reqd>

			<commts>
</commts>
		</level0>
	</TAG>

	<TAG>
		<level0>
			<fieldID>354</fieldID>

 			<fieldName>
				<hiddenName>EncodedTextLen</hiddenName>
				<shownName>EncodedTextLen</shownName>
			</fieldName>

			<reqd>N</reqd>

			<commts>Must be set if EncodedText field is specified and must immediately precede it.
</commts>
		</level0>
	</TAG>

	<TAG>
		<level0>
			<fieldID>355</fieldID>

 			<fieldName>
				<hiddenName>EncodedText</hiddenName>
				<shownName>EncodedText</shownName>
			</fieldName>

			<reqd>N</reqd>

			<commts>Encoded (non-ASCII characters) representation of the Text field in the encoded format specified via the MessageEncoding field.
</commts>
		</level0>
	</TAG>

	<TAG>
		<level0>
			<fieldID>193</fieldID>

 			<fieldName>
				<hiddenName>FutSettDate2</hiddenName>
				<shownName>FutSettDate2</shownName>
			</fieldName>

			<reqd>N</reqd>

			<commts>Can be used with OrdType = &quot;Forex - Swap&quot; to specify the &quot;value date&quot; for the future portion of a F/X swap.
</commts>
		</level0>
	</TAG>

	<TAG>
		<level0>
			<fieldID>192</fieldID>

 			<fieldName>
				<hiddenName>OrderQty2</hiddenName>
				<shownName>OrderQty2</shownName>
			</fieldName>

			<reqd>N</reqd>

			<commts>Can be used with OrdType = &quot;Forex - Swap&quot; to specify the order quantity  for the future portion of a F/X swap.
</commts>
		</level0>
	</TAG>

	<TAG>
		<level0>
			<fieldID>77</fieldID>

 			<fieldName>
				<hiddenName>OpenClose</hiddenName>
				<shownName>OpenClose</shownName>
			</fieldName>

			<reqd>N</reqd>

			<commts>For options
</commts>
		</level0>
	</TAG>

	<TAG>
		<level0>
			<fieldID>203</fieldID>

 			<fieldName>
				<hiddenName>CoveredOrUncovered</hiddenName>
				<shownName>CoveredOrUncovered</shownName>
			</fieldName>

			<reqd>N</reqd>

			<commts>For options
</commts>
		</level0>
	</TAG>

	<TAG>
		<level0>
			<fieldID>204</fieldID>

 			<fieldName>
				<hiddenName>CustomerOrFirm</hiddenName>
				<shownName>CustomerOrFirm</shownName>
			</fieldName>

			<reqd>N</reqd>

			<commts>For options when delivering the order to execution system/exchange.
</commts>
		</level0>
	</TAG>

	<TAG>
		<level0>
			<fieldID>210</fieldID>

 			<fieldName>
				<hiddenName>MaxShow</hiddenName>
				<shownName>MaxShow</shownName>
			</fieldName>

			<reqd>N</reqd>

			<commts>
</commts>
		</level0>
	</TAG>

	<TAG>
		<level0>
			<fieldID>114</fieldID>

 			<fieldName>
				<hiddenName>LocateReqd</hiddenName>
				<shownName>LocateReqd</shownName>
			</fieldName>

			<reqd>N</reqd>

			<commts>
</commts>
		</level0>
	</TAG>

	<TAG>
		<level0>
			<fieldID>439</fieldID>

 			<fieldName>
				<hiddenName>ClearingFirm</hiddenName>
				<shownName>ClearingFirm</shownName>
			</fieldName>

			<reqd>N</reqd>

			<commts>
</commts>
		</level0>
	</TAG>

	<TAG>
		<level0>
			<fieldID>440</fieldID>

 			<fieldName>
				<hiddenName>ClearingAccount</hiddenName>
				<shownName>ClearingAccount</shownName>
			</fieldName>

			<reqd>N</reqd>

			<commts>
</commts>
		</level0>
	</TAG>

	<TAG>
		<level0>
			<fieldID> </fieldID>

 			<fieldName>
				<msgName>StandardTrailer</msgName>
				<shownName>Standard Trailer</shownName>
			</fieldName>

			<reqd>Y</reqd>

			<commts>
</commts>
		</level0>	</TAG>


</TAGS>
