<?xml version="1.0"?>
<?xml-stylesheet type="text/xsl" href="style3.xsl"?>
<TAGS xmlns="x-schema:schema.xml">  
 
 
<FileName>Quote Acknowledgement</FileName>  

	<TAG>
		<level0>
			<fieldID> </fieldID>

 			<fieldName>
				<msgName>StandardHeader</msgName>
				<shownName>Standard Header</shownName>
			</fieldName>

			<reqd>Y</reqd>

			<commts>MsgType = b    (lowercase)
</commts>
		</level0>
	</TAG>

	<TAG>
		<level0>
			<fieldID>131</fieldID>

 			<fieldName>
				<hiddenName>QuoteReqID</hiddenName>
				<shownName>QuoteReqID</shownName>
			</fieldName>

			<reqd>N</reqd>

			<commts>Required when acknowledgment is in response to a Quote Request message
</commts>
		</level0>
	</TAG>

	<TAG>
		<level0>
			<fieldID>117</fieldID>

 			<fieldName>
				<hiddenName>QuoteID</hiddenName>
				<shownName>QuoteID</shownName>
			</fieldName>

			<reqd>N</reqd>

			<commts>Required when acknowledgment is in response to a Quote message
</commts>
		</level0>
	</TAG>

	<TAG>
		<level0>
			<fieldID>297</fieldID>

 			<fieldName>
				<hiddenName>QuoteAckStatus</hiddenName>
				<shownName>QuoteAckStatus</shownName>
			</fieldName>

			<reqd>Y</reqd>

			<commts>Status of the quote acknowledgement.
</commts>
		</level0>
	</TAG>

	<TAG>
		<level0>
			<fieldID>300</fieldID>

 			<fieldName>
				<hiddenName>QuoteRejectReason</hiddenName>
				<shownName>QuoteRejectReason</shownName>
			</fieldName>

			<reqd>N</reqd>

			<commts>Reason Quote was rejected.
</commts>
		</level0>
	</TAG>

	<TAG>
		<level0>
			<fieldID>301</fieldID>

 			<fieldName>
				<hiddenName>QuoteResponseLevel</hiddenName>
				<shownName>QuoteResponseLevel</shownName>
			</fieldName>

			<reqd>N</reqd>

			<commts>Level of Response requested from receiver of quote messages. Is echoed back to the counterparty.
</commts>
		</level0>
	</TAG>

	<TAG>
		<level0>
			<fieldID>336</fieldID>

 			<fieldName>
				<hiddenName>TradingSessionID</hiddenName>
				<shownName>TradingSessionID</shownName>
			</fieldName>

			<reqd>N</reqd>

			<commts>
</commts>
		</level0>
	</TAG>

	<TAG>
		<level0>
			<fieldID>58</fieldID>

 			<fieldName>
				<hiddenName>Text</hiddenName>
				<shownName>Text</shownName>
			</fieldName>

			<reqd>N</reqd>

			<commts>
</commts>
		</level0>
	</TAG>

	<TAG>
		<level0>
			<fieldID>296</fieldID>

 			<fieldName>
				<hiddenName>NoQuoteSets</hiddenName>
				<shownName>NoQuoteSets</shownName>
			</fieldName>

			<reqd>N</reqd>

			<commts>The number of sets of quotes in the message
</commts>


 
	<TAG>
		<level1>
			<fieldID>302</fieldID>

 			<fieldName>
				<hiddenName>QuoteSetID</hiddenName>
				<shownName>QuoteSetID</shownName>
			</fieldName>

			<reqd>N</reqd>

			<commts>First field in repeating group. Required if NoQuoteSets &gt; 0
</commts>
		</level1>
	</TAG>

 
	<TAG>
		<level1>
			<fieldID>311</fieldID>

 			<fieldName>
				<hiddenName>UnderlyingSymbol</hiddenName>
				<shownName>UnderlyingSymbol</shownName>
			</fieldName>

			<reqd>N</reqd>

			<commts>Required if NoQuoteSets &gt; 0
</commts>
		</level1>
	</TAG>

 
	<TAG>
		<level1>
			<fieldID>312</fieldID>

 			<fieldName>
				<hiddenName>UnderlyingSymbolSfx</hiddenName>
				<shownName>UnderlyingSymbolSfx</shownName>
			</fieldName>

			<reqd>N</reqd>

			<commts>
</commts>
		</level1>
	</TAG>

 
	<TAG>
		<level1>
			<fieldID>309</fieldID>

 			<fieldName>
				<hiddenName>UnderlyingSecurityID</hiddenName>
				<shownName>UnderlyingSecurityID</shownName>
			</fieldName>

			<reqd>N</reqd>

			<commts>
</commts>
		</level1>
	</TAG>

 
	<TAG>
		<level1>
			<fieldID>305</fieldID>

 			<fieldName>
				<hiddenName>UnderlyingIDSource</hiddenName>
				<shownName>UnderlyingIDSource</shownName>
			</fieldName>

			<reqd>N</reqd>

			<commts>
</commts>
		</level1>
	</TAG>

 
	<TAG>
		<level1>
			<fieldID>310</fieldID>

 			<fieldName>
				<hiddenName>UnderlyingSecurity
Type</hiddenName>
				<shownName>UnderlyingSecurity
Type</shownName>
			</fieldName>

			<reqd>N</reqd>

			<commts>
</commts>
		</level1>
	</TAG>

 
	<TAG>
		<level1>
			<fieldID>313</fieldID>

 			<fieldName>
				<hiddenName>UnderlyingMaturityMonthYear</hiddenName>
				<shownName>UnderlyingMaturityMonthYear</shownName>
			</fieldName>

			<reqd>N</reqd>

			<commts>
</commts>
		</level1>
	</TAG>

 
	<TAG>
		<level1>
			<fieldID>314</fieldID>

 			<fieldName>
				<hiddenName>UnderlyingMaturityDay</hiddenName>
				<shownName>UnderlyingMaturityDay</shownName>
			</fieldName>

			<reqd>N</reqd>

			<commts>
</commts>
		</level1>
	</TAG>

 
	<TAG>
		<level1>
			<fieldID>315</fieldID>

 			<fieldName>
				<hiddenName>UnderlyingPutOrCall</hiddenName>
				<shownName>UnderlyingPutOrCall</shownName>
			</fieldName>

			<reqd>N</reqd>

			<commts>
</commts>
		</level1>
	</TAG>

 
	<TAG>
		<level1>
			<fieldID>316</fieldID>

 			<fieldName>
				<hiddenName>UnderlyingStrikePrice</hiddenName>
				<shownName>UnderlyingStrikePrice</shownName>
			</fieldName>

			<reqd>N</reqd>

			<commts>
</commts>
		</level1>
	</TAG>

 
	<TAG>
		<level1>
			<fieldID>317</fieldID>

 			<fieldName>
				<hiddenName>UnderlyingOptAttribute</hiddenName>
				<shownName>UnderlyingOptAttribute</shownName>
			</fieldName>

			<reqd>N</reqd>

			<commts>
</commts>
		</level1>
	</TAG>

 
	<TAG>
		<level1>
			<fieldID>435</fieldID>

 			<fieldName>
				<hiddenName>UnderlyingContractMultiplier</hiddenName>
				<shownName>UnderlyingContractMultiplier</shownName>
			</fieldName>

			<reqd>N</reqd>

			<commts>For Fixed Income, Convertible Bonds, Derivatives, etc.
</commts>
		</level1>
	</TAG>

 
	<TAG>
		<level1>
			<fieldID>436</fieldID>

 			<fieldName>
				<hiddenName>UnderlyingCouponRate</hiddenName>
				<shownName>UnderlyingCouponRate</shownName>
			</fieldName>

			<reqd>N</reqd>

			<commts>For Fixed Income.
</commts>
		</level1>
	</TAG>

 
	<TAG>
		<level1>
			<fieldID>308</fieldID>

 			<fieldName>
				<hiddenName>UnderlyingSecurity
Exchange</hiddenName>
				<shownName>UnderlyingSecurity
Exchange</shownName>
			</fieldName>

			<reqd>N</reqd>

			<commts>
</commts>
		</level1>
	</TAG>

 
	<TAG>
		<level1>
			<fieldID>306</fieldID>

 			<fieldName>
				<hiddenName>UnderlyingIssuer</hiddenName>
				<shownName>UnderlyingIssuer</shownName>
			</fieldName>

			<reqd>N</reqd>

			<commts>
</commts>
		</level1>
	</TAG>

 
	<TAG>
		<level1>
			<fieldID>362</fieldID>

 			<fieldName>
				<hiddenName>EncodedUnderlyingIssuerLen</hiddenName>
				<shownName>EncodedUnderlyingIssuerLen</shownName>
			</fieldName>

			<reqd>N</reqd>

			<commts>Must be set if EncodedUnderlyingIssuer field is specified and must immediately precede it.
</commts>
		</level1>
	</TAG>

 
	<TAG>
		<level1>
			<fieldID>363</fieldID>

 			<fieldName>
				<hiddenName>EncodedUnderlyingIssuer</hiddenName>
				<shownName>EncodedUnderlyingIssuer</shownName>
			</fieldName>

			<reqd>N</reqd>

			<commts>Encoded (non-ASCII characters) representation of the UnderlyingIssuer field in the encoded format specified via the MessageEncoding field.
</commts>
		</level1>
	</TAG>

 
	<TAG>
		<level1>
			<fieldID>307</fieldID>

 			<fieldName>
				<hiddenName>UnderlyingSecurity
Desc</hiddenName>
				<shownName>UnderlyingSecurity
Desc</shownName>
			</fieldName>

			<reqd>N</reqd>

			<commts>
</commts>
		</level1>
	</TAG>

 
	<TAG>
		<level1>
			<fieldID>364</fieldID>

 			<fieldName>
				<hiddenName>EncodedUnderlyingSecurityDescLen</hiddenName>
				<shownName>EncodedUnderlyingSecurityDescLen</shownName>
			</fieldName>

			<reqd>N</reqd>

			<commts>Must be set if EncodedUnderlyingSecurityDesc field is specified and must immediately precede it.
</commts>
		</level1>
	</TAG>

 
	<TAG>
		<level1>
			<fieldID>365</fieldID>

 			<fieldName>
				<hiddenName>EncodedUnderlyingSecurityDesc</hiddenName>
				<shownName>EncodedUnderlyingSecurityDesc</shownName>
			</fieldName>

			<reqd>N</reqd>

			<commts>Encoded (non-ASCII characters) representation of the UnderlyingSecurityDesc field in the encoded format specified via the MessageEncoding field.
</commts>
		</level1>
	</TAG>

 
	<TAG>
		<level1>
			<fieldID>304</fieldID>

 			<fieldName>
				<hiddenName>TotQuoteEntries</hiddenName>
				<shownName>TotQuoteEntries</shownName>
			</fieldName>

			<reqd>N</reqd>

			<commts>Total number of quotes for the quote set across all messages. Should be the sum of all NoQuoteEntries in each message that has repeating quotes that are part of the same quote set.<BR /><BR />Required if NoQuoteEntries &gt; 0
</commts>
		</level1>
	</TAG>

 
	<TAG>
		<level1>
			<fieldID>295</fieldID>

 			<fieldName>
				<hiddenName>NoQuoteEntries</hiddenName>
				<shownName>NoQuoteEntries</shownName>
			</fieldName>

			<reqd>N</reqd>

			<commts>The number of quotes for this Symbol (QuoteSet) that follow in this message.
</commts>


 
 
	<TAG>
		<level2>
			<fieldID>299</fieldID>

 			<fieldName>
				<hiddenName>QuoteEntryID</hiddenName>
				<shownName>QuoteEntryID</shownName>
			</fieldName>

			<reqd>N</reqd>

			<commts>Uniquely identifies the quote as part of a QuoteSet.<BR />First field in repeating group.  Required if NoQuoteEntries &gt; 0.
</commts>
		</level2>
	</TAG>

 
 
	<TAG>
		<level2>
			<fieldID>55</fieldID>

 			<fieldName>
				<hiddenName>Symbol</hiddenName>
				<shownName>Symbol</shownName>
			</fieldName>

			<reqd>N</reqd>

			<commts>
</commts>
		</level2>
	</TAG>

 
 
	<TAG>
		<level2>
			<fieldID>65</fieldID>

 			<fieldName>
				<hiddenName>SymbolSfx</hiddenName>
				<shownName>SymbolSfx</shownName>
			</fieldName>

			<reqd>N</reqd>

			<commts>
</commts>
		</level2>
	</TAG>

 
 
	<TAG>
		<level2>
			<fieldID>48</fieldID>

 			<fieldName>
				<hiddenName>SecurityID</hiddenName>
				<shownName>SecurityID</shownName>
			</fieldName>

			<reqd>N</reqd>

			<commts>
</commts>
		</level2>
	</TAG>

 
 
	<TAG>
		<level2>
			<fieldID>22</fieldID>

 			<fieldName>
				<hiddenName>IDSource</hiddenName>
				<shownName>IDSource</shownName>
			</fieldName>

			<reqd>N</reqd>

			<commts>
</commts>
		</level2>
	</TAG>

 
 
	<TAG>
		<level2>
			<fieldID>167</fieldID>

 			<fieldName>
				<hiddenName>SecurityType</hiddenName>
				<shownName>SecurityType</shownName>
			</fieldName>

			<reqd>N</reqd>

			<commts>Must be specified if a Future or Option.  If a Future: Symbol, SecurityType, and MaturityMonthYear are required.  If an Option: Symbol, SecurityType, MaturityMonthYear, PutOrCall, and StrikePrice are required.
</commts>
		</level2>
	</TAG>

 
 
	<TAG>
		<level2>
			<fieldID>200</fieldID>

 			<fieldName>
				<hiddenName>MaturityMonthYear</hiddenName>
				<shownName>MaturityMonthYear</shownName>
			</fieldName>

			<reqd>N</reqd>

			<commts>For Options or Futures to specify the month and year of maturity.
</commts>
		</level2>
	</TAG>

 
 
	<TAG>
		<level2>
			<fieldID>205</fieldID>

 			<fieldName>
				<hiddenName>MaturityDay</hiddenName>
				<shownName>MaturityDay</shownName>
			</fieldName>

			<reqd>N</reqd>

			<commts>For Options or Futures and can be used in conjunction with MaturityMonthYear to specify a particular maturity date.
</commts>
		</level2>
	</TAG>

 
 
	<TAG>
		<level2>
			<fieldID>201</fieldID>

 			<fieldName>
				<hiddenName>PutOrCall</hiddenName>
				<shownName>PutOrCall</shownName>
			</fieldName>

			<reqd>N</reqd>

			<commts>For Options.
</commts>
		</level2>
	</TAG>

 
 
	<TAG>
		<level2>
			<fieldID>202</fieldID>

 			<fieldName>
				<hiddenName>StrikePrice</hiddenName>
				<shownName>StrikePrice</shownName>
			</fieldName>

			<reqd>N</reqd>

			<commts>For Options.
</commts>
		</level2>
	</TAG>

 
 
	<TAG>
		<level2>
			<fieldID>206</fieldID>

 			<fieldName>
				<hiddenName>OptAttribute</hiddenName>
				<shownName>OptAttribute</shownName>
			</fieldName>

			<reqd>N</reqd>

			<commts>For Options.
</commts>
		</level2>
	</TAG>

 
 
	<TAG>
		<level2>
			<fieldID>231</fieldID>

 			<fieldName>
				<hiddenName>ContractMultiplier</hiddenName>
				<shownName>ContractMultiplier</shownName>
			</fieldName>

			<reqd>N</reqd>

			<commts>For Fixed Income, Convertible Bonds, Derivatives, etc.  Note: If used, quantities should be expressed in the &quot;nominal&quot; (e.g. contracts vs. shares) amount.
</commts>
		</level2>
	</TAG>

 
 
	<TAG>
		<level2>
			<fieldID>223</fieldID>

 			<fieldName>
				<hiddenName>CouponRate</hiddenName>
				<shownName>CouponRate</shownName>
			</fieldName>

			<reqd>N</reqd>

			<commts>For Fixed Income.
</commts>
		</level2>
	</TAG>

 
 
	<TAG>
		<level2>
			<fieldID>207</fieldID>

 			<fieldName>
				<hiddenName>SecurityExchange</hiddenName>
				<shownName>SecurityExchange</shownName>
			</fieldName>

			<reqd>N</reqd>

			<commts>Can be used to identify the security.
</commts>
		</level2>
	</TAG>

 
 
	<TAG>
		<level2>
			<fieldID>106</fieldID>

 			<fieldName>
				<hiddenName>Issuer</hiddenName>
				<shownName>Issuer</shownName>
			</fieldName>

			<reqd>N</reqd>

			<commts>
</commts>
		</level2>
	</TAG>

 
 
	<TAG>
		<level2>
			<fieldID>354</fieldID>

 			<fieldName>
				<hiddenName>EncodedIssuerLen</hiddenName>
				<shownName>EncodedIssuerLen</shownName>
			</fieldName>

			<reqd>N</reqd>

			<commts>Must be set if EncodedIssuer field is specified and must immediately precede it.
</commts>
		</level2>
	</TAG>

 
 
	<TAG>
		<level2>
			<fieldID>355</fieldID>

 			<fieldName>
				<hiddenName>EncodedIssuer</hiddenName>
				<shownName>EncodedIssuer</shownName>
			</fieldName>

			<reqd>N</reqd>

			<commts>Encoded (non-ASCII characters) representation of the Issuer field in the encoded format specified via the MessageEncoding field.
</commts>
		</level2>
	</TAG>

 
 
	<TAG>
		<level2>
			<fieldID>107</fieldID>

 			<fieldName>
				<hiddenName>SecurityDesc</hiddenName>
				<shownName>SecurityDesc</shownName>
			</fieldName>

			<reqd>N</reqd>

			<commts>
</commts>
		</level2>
	</TAG>

 
 
	<TAG>
		<level2>
			<fieldID>350</fieldID>

 			<fieldName>
				<hiddenName>EncodedSecurityDescLen</hiddenName>
				<shownName>EncodedSecurityDescLen</shownName>
			</fieldName>

			<reqd>N</reqd>

			<commts>Must be set if EncodedSecurityDesc field is specified and must immediately precede it.
</commts>
		</level2>
	</TAG>

 
 
	<TAG>
		<level2>
			<fieldID>351</fieldID>

 			<fieldName>
				<hiddenName>EncodedSecurityDesc</hiddenName>
				<shownName>EncodedSecurityDesc</shownName>
			</fieldName>

			<reqd>N</reqd>

			<commts>Encoded (non-ASCII characters) representation of the SecurityDesc field in the encoded format specified via the MessageEncoding field.
</commts>
		</level2>
	</TAG>

 
 
	<TAG>
		<level2>
			<fieldID>368</fieldID>

 			<fieldName>
				<hiddenName>QuoteEntryRejectReason</hiddenName>
				<shownName>QuoteEntryRejectReason</shownName>
			</fieldName>

			<reqd>N</reqd>

			<commts>Reason Quote Entry was rejected.
</commts>
		</level2>	</TAG>		</level1>	</TAG>		</level0>	</TAG>

	<TAG>
		<level0>
			<fieldID> </fieldID>

 			<fieldName>
				<msgName>StandardTrailer</msgName>
				<shownName>Standard Trailer</shownName>
			</fieldName>

			<reqd>Y</reqd>

			<commts>
</commts>
		</level0>	</TAG>


</TAGS>
