<?xml version="1.0"?>
<?xml-stylesheet type="text/xsl" href="style3.xsl"?>
<TAGS xmlns="x-schema:schema.xml">  
 
 
<FileName>Quote Cancel</FileName> 

	<TAG>
		<level0>
			<fieldID> </fieldID>

 			<fieldName>
				<msgName>StandardHeader</msgName>
				<shownName>Standard Header</shownName>
			</fieldName>

			<reqd>Y</reqd>

			<commts>MsgType = Z
</commts>
		</level0>
	</TAG>

	<TAG>
		<level0>
			<fieldID>131</fieldID>

 			<fieldName>
				<hiddenName>QuoteReqID</hiddenName>
				<shownName>QuoteReqID</shownName>
			</fieldName>

			<reqd>N</reqd>

			<commts>Required when quote is in response to a Quote Request message
</commts>
		</level0>
	</TAG>

	<TAG>
		<level0>
			<fieldID>117</fieldID>

 			<fieldName>
				<hiddenName>QuoteID</hiddenName>
				<shownName>QuoteID</shownName>
			</fieldName>

			<reqd>Y</reqd>

			<commts>
</commts>
		</level0>
	</TAG>

	<TAG>
		<level0>
			<fieldID>298</fieldID>

 			<fieldName>
				<hiddenName>QuoteCancelType</hiddenName>
				<shownName>QuoteCancelType</shownName>
			</fieldName>

			<reqd>Y</reqd>

			<commts>Identifies the type of Quote Cancel request.
</commts>
		</level0>
	</TAG>

	<TAG>
		<level0>
			<fieldID>301</fieldID>

 			<fieldName>
				<hiddenName>QuoteResponseLevel</hiddenName>
				<shownName>QuoteResponseLevel</shownName>
			</fieldName>

			<reqd>N</reqd>

			<commts>Level of Response requested from receiver of quote messages.
</commts>
		</level0>
	</TAG>

	<TAG>
		<level0>
			<fieldID>336</fieldID>

 			<fieldName>
				<hiddenName>TradingSessionID</hiddenName>
				<shownName>TradingSessionID</shownName>
			</fieldName>

			<reqd>N</reqd>

			<commts>
</commts>
		</level0>
	</TAG>

	<TAG>
		<level0>
			<fieldID>146</fieldID>

 			<fieldName>
				<hiddenName>NoQuoteEntries</hiddenName>
				<shownName>NoQuoteEntries</shownName>
			</fieldName>

			<reqd>Y</reqd>

			<commts>The number of securities whose quotes are to be canceled
</commts>


 
	<TAG>
		<level1>
			<fieldID>55</fieldID>

 			<fieldName>
				<hiddenName>Symbol</hiddenName>
				<shownName>Symbol</shownName>
			</fieldName>

			<reqd>Y</reqd>

			<commts>Must be the first field in the repeating group.
</commts>
		</level1>
	</TAG>

 
	<TAG>
		<level1>
			<fieldID>65</fieldID>

 			<fieldName>
				<hiddenName>SymbolSfx</hiddenName>
				<shownName>SymbolSfx</shownName>
			</fieldName>

			<reqd>N</reqd>

			<commts>Can be repeated multiple times if message is related to multiple symbols.
</commts>
		</level1>
	</TAG>

 
	<TAG>
		<level1>
			<fieldID>48</fieldID>

 			<fieldName>
				<hiddenName>SecurityID</hiddenName>
				<shownName>SecurityID</shownName>
			</fieldName>

			<reqd>N</reqd>

			<commts>Can be repeated multiple times if message is related to multiple symbols.
</commts>
		</level1>
	</TAG>

 
	<TAG>
		<level1>
			<fieldID>22</fieldID>

 			<fieldName>
				<hiddenName>IDSource</hiddenName>
				<shownName>IDSource</shownName>
			</fieldName>

			<reqd>N</reqd>

			<commts>Can be repeated multiple times if message is related to multiple symbols.
</commts>
		</level1>
	</TAG>

 
	<TAG>
		<level1>
			<fieldID>167</fieldID>

 			<fieldName>
				<hiddenName>SecurityType</hiddenName>
				<shownName>SecurityType</shownName>
			</fieldName>

			<reqd>N</reqd>

			<commts>Must be specified if a Future or Option.  If a Future: RelatedSym, SecurityType, and MaturityMonthYear are required.  If an Option: RelatedSym, SecurityType, MaturityMonthYear, PutOrCall, and StrikePrice are required.
</commts>
		</level1>
	</TAG>

 
	<TAG>
		<level1>
			<fieldID>200</fieldID>

 			<fieldName>
				<hiddenName>MaturityMonthYear</hiddenName>
				<shownName>MaturityMonthYear</shownName>
			</fieldName>

			<reqd>N</reqd>

			<commts>For Options or Futures to specify the month and year of maturity.
</commts>
		</level1>
	</TAG>

 
	<TAG>
		<level1>
			<fieldID>205</fieldID>

 			<fieldName>
				<hiddenName>MaturityDay</hiddenName>
				<shownName>MaturityDay</shownName>
			</fieldName>

			<reqd>N</reqd>

			<commts>For Options or Futures and can be used in conjunction with MaturityMonthYear to specify a particular maturity date.
</commts>
		</level1>
	</TAG>

 
	<TAG>
		<level1>
			<fieldID>201</fieldID>

 			<fieldName>
				<hiddenName>PutOrCall</hiddenName>
				<shownName>PutOrCall</shownName>
			</fieldName>

			<reqd>N</reqd>

			<commts>For Options.
</commts>
		</level1>
	</TAG>

 
	<TAG>
		<level1>
			<fieldID>202</fieldID>

 			<fieldName>
				<hiddenName>StrikePrice</hiddenName>
				<shownName>StrikePrice</shownName>
			</fieldName>

			<reqd>N</reqd>

			<commts>For Options.
</commts>
		</level1>
	</TAG>

 
	<TAG>
		<level1>
			<fieldID>206</fieldID>

 			<fieldName>
				<hiddenName>OptAttribute</hiddenName>
				<shownName>OptAttribute</shownName>
			</fieldName>

			<reqd>N</reqd>

			<commts>For Options.
</commts>
		</level1>
	</TAG>

 
	<TAG>
		<level1>
			<fieldID>231</fieldID>

 			<fieldName>
				<hiddenName>ContractMultiplier</hiddenName>
				<shownName>ContractMultiplier</shownName>
			</fieldName>

			<reqd>N</reqd>

			<commts>For Fixed Income, Convertible Bonds, Derivatives, etc.  Note: If used, quantities should be expressed in the &quot;nominal&quot; (e.g. contracts vs. shares) amount.
</commts>
		</level1>
	</TAG>

 
	<TAG>
		<level1>
			<fieldID>223</fieldID>

 			<fieldName>
				<hiddenName>CouponRate</hiddenName>
				<shownName>CouponRate</shownName>
			</fieldName>

			<reqd>N</reqd>

			<commts>For Fixed Income.
</commts>
		</level1>
	</TAG>

 
	<TAG>
		<level1>
			<fieldID>207</fieldID>

 			<fieldName>
				<hiddenName>SecurityExchange</hiddenName>
				<shownName>SecurityExchange</shownName>
			</fieldName>

			<reqd>N</reqd>

			<commts>Can be used to identify the security.
</commts>
		</level1>
	</TAG>

 
	<TAG>
		<level1>
			<fieldID>106</fieldID>

 			<fieldName>
				<hiddenName>Issuer</hiddenName>
				<shownName>Issuer</shownName>
			</fieldName>

			<reqd>N</reqd>

			<commts>Can be repeated multiple times if message is related to multiple symbols.
</commts>
		</level1>
	</TAG>

 
	<TAG>
		<level1>
			<fieldID>354</fieldID>

 			<fieldName>
				<hiddenName>EncodedIssuerLen</hiddenName>
				<shownName>EncodedIssuerLen</shownName>
			</fieldName>

			<reqd>N</reqd>

			<commts>Must be set if EncodedIssuer field is specified and must immediately precede it.
</commts>
		</level1>
	</TAG>

 
	<TAG>
		<level1>
			<fieldID>355</fieldID>

 			<fieldName>
				<hiddenName>EncodedIssuer</hiddenName>
				<shownName>EncodedIssuer</shownName>
			</fieldName>

			<reqd>N</reqd>

			<commts>Encoded (non-ASCII characters) representation of the Issuer field in the encoded format specified via the MessageEncoding field.
</commts>
		</level1>
	</TAG>

 
	<TAG>
		<level1>
			<fieldID>107</fieldID>

 			<fieldName>
				<hiddenName>SecurityDesc</hiddenName>
				<shownName>SecurityDesc</shownName>
			</fieldName>

			<reqd>N</reqd>

			<commts>Can be repeated multiple times if message is related to multiple symbols.
</commts>
		</level1>
	</TAG>

 
	<TAG>
		<level1>
			<fieldID>350</fieldID>

 			<fieldName>
				<hiddenName>EncodedSecurityDescLen</hiddenName>
				<shownName>EncodedSecurityDescLen</shownName>
			</fieldName>

			<reqd>N</reqd>

			<commts>Must be set if EncodedSecurityDesc field is specified and must immediately precede it.
</commts>
		</level1>
	</TAG>

 
	<TAG>
		<level1>
			<fieldID>351</fieldID>

 			<fieldName>
				<hiddenName>EncodedSecurityDesc</hiddenName>
				<shownName>EncodedSecurityDesc</shownName>
			</fieldName>

			<reqd>N</reqd>

			<commts>Encoded (non-ASCII characters) representation of the SecurityDesc field in the encoded format specified via the MessageEncoding field.
</commts>
		</level1>
	</TAG>

 
	<TAG>
		<level1>
			<fieldID>311</fieldID>

 			<fieldName>
				<hiddenName>UnderlyingSymbol</hiddenName>
				<shownName>UnderlyingSymbol</shownName>
			</fieldName>

			<reqd>N</reqd>

			<commts>The symbol of the underlying security of options that should be canceled.
</commts>
		</level1>	</TAG>		</level0>	</TAG>

	<TAG>
		<level0>
			<fieldID> </fieldID>

 			<fieldName>
				<msgName>StandardTrailer</msgName>
				<shownName>Standard Trailer</shownName>
			</fieldName>

			<reqd>Y</reqd>

			<commts>
</commts>
		</level0>	</TAG>


</TAGS>
