<?xml version="1.0"?>
<?xml-stylesheet type="text/xsl" href="style3.xsl"?>
<TAGS xmlns="x-schema:schema.xml">  
 
 
<FileName>Quote Request</FileName> 

	<TAG>
		<level0>
			<fieldID> </fieldID>

 			<fieldName>
				<msgName>StandardHeader</msgName>
				<shownName>Standard Header</shownName>
			</fieldName>

			<reqd>Y</reqd>

			<commts>MsgType = R
</commts>
		</level0>
	</TAG>

	<TAG>
		<level0>
			<fieldID>131</fieldID>

 			<fieldName>
				<hiddenName>QuoteReqID</hiddenName>
				<shownName>QuoteReqID</shownName>
			</fieldName>

			<reqd>Y</reqd>

			<commts>
</commts>
		</level0>
	</TAG>

	<TAG>
		<level0>
			<fieldID>146</fieldID>

 			<fieldName>
				<hiddenName>NoRelatedSym</hiddenName>
				<shownName>NoRelatedSym</shownName>
			</fieldName>

			<reqd>Y</reqd>

			<commts>Number of related symbols in Request
</commts>


 
	<TAG>
		<level1>
			<fieldID>55</fieldID>

 			<fieldName>
				<hiddenName>Symbol</hiddenName>
				<shownName>Symbol</shownName>
			</fieldName>

			<reqd>Y</reqd>

			<commts>Must be the first field in the repeating group.
</commts>
		</level1>
	</TAG>

 
	<TAG>
		<level1>
			<fieldID>65</fieldID>

 			<fieldName>
				<hiddenName>SymbolSfx</hiddenName>
				<shownName>SymbolSfx</shownName>
			</fieldName>

			<reqd>N</reqd>

			<commts>Can be repeated multiple times if message is related to multiple symbols.
</commts>
		</level1>
	</TAG>

 
	<TAG>
		<level1>
			<fieldID>48</fieldID>

 			<fieldName>
				<hiddenName>SecurityID</hiddenName>
				<shownName>SecurityID</shownName>
			</fieldName>

			<reqd>N</reqd>

			<commts>Can be repeated multiple times if message is related to multiple symbols.
</commts>
		</level1>
	</TAG>

 
	<TAG>
		<level1>
			<fieldID>22</fieldID>

 			<fieldName>
				<hiddenName>IDSource</hiddenName>
				<shownName>IDSource</shownName>
			</fieldName>

			<reqd>N</reqd>

			<commts>Can be repeated multiple times if message is related to multiple symbols.
</commts>
		</level1>
	</TAG>

 
	<TAG>
		<level1>
			<fieldID>167</fieldID>

 			<fieldName>
				<hiddenName>SecurityType</hiddenName>
				<shownName>SecurityType</shownName>
			</fieldName>

			<reqd>N</reqd>

			<commts>Must be specified if a Future or Option.  If a Future: RelatedSym, SecurityType, and MaturityMonthYear are required.  If an Option: RelatedSym, SecurityType, MaturityMonthYear, PutOrCall, and StrikePrice are required.
</commts>
		</level1>
	</TAG>

 
	<TAG>
		<level1>
			<fieldID>200</fieldID>

 			<fieldName>
				<hiddenName>MaturityMonthYear</hiddenName>
				<shownName>MaturityMonthYear</shownName>
			</fieldName>

			<reqd>N</reqd>

			<commts>For Options or Futures to specify the month and year of maturity.
</commts>
		</level1>
	</TAG>

 
	<TAG>
		<level1>
			<fieldID>205</fieldID>

 			<fieldName>
				<hiddenName>MaturityDay</hiddenName>
				<shownName>MaturityDay</shownName>
			</fieldName>

			<reqd>N</reqd>

			<commts>For Options or Futures and can be used in conjunction with MaturityMonthYear to specify a particular maturity date.
</commts>
		</level1>
	</TAG>

 
	<TAG>
		<level1>
			<fieldID>201</fieldID>

 			<fieldName>
				<hiddenName>PutOrCall</hiddenName>
				<shownName>PutOrCall</shownName>
			</fieldName>

			<reqd>N</reqd>

			<commts>For Options.
</commts>
		</level1>
	</TAG>

 
	<TAG>
		<level1>
			<fieldID>202</fieldID>

 			<fieldName>
				<hiddenName>StrikePrice</hiddenName>
				<shownName>StrikePrice</shownName>
			</fieldName>

			<reqd>N</reqd>

			<commts>For Options.
</commts>
		</level1>
	</TAG>

 
	<TAG>
		<level1>
			<fieldID>206</fieldID>

 			<fieldName>
				<hiddenName>OptAttribute</hiddenName>
				<shownName>OptAttribute</shownName>
			</fieldName>

			<reqd>N</reqd>

			<commts>For Options.
</commts>
		</level1>
	</TAG>

 
	<TAG>
		<level1>
			<fieldID>231</fieldID>

 			<fieldName>
				<hiddenName>ContractMultiplier</hiddenName>
				<shownName>ContractMultiplier</shownName>
			</fieldName>

			<reqd>N</reqd>

			<commts>For Fixed Income, Convertible Bonds, Derivatives, etc.  Note: If used, quantities should be expressed in the &quot;nominal&quot; (e.g. contracts vs. shares) amount.
</commts>
		</level1>
	</TAG>

 
	<TAG>
		<level1>
			<fieldID>223</fieldID>

 			<fieldName>
				<hiddenName>CouponRate</hiddenName>
				<shownName>CouponRate</shownName>
			</fieldName>

			<reqd>N</reqd>

			<commts>For Fixed Income.
</commts>
		</level1>
	</TAG>

 
	<TAG>
		<level1>
			<fieldID>207</fieldID>

 			<fieldName>
				<hiddenName>SecurityExchange</hiddenName>
				<shownName>SecurityExchange</shownName>
			</fieldName>

			<reqd>N</reqd>

			<commts>Can be used to identify the security.
</commts>
		</level1>
	</TAG>

 
	<TAG>
		<level1>
			<fieldID>106</fieldID>

 			<fieldName>
				<hiddenName>Issuer</hiddenName>
				<shownName>Issuer</shownName>
			</fieldName>

			<reqd>N</reqd>

			<commts>Can be repeated multiple times if message is related to multiple symbols.
</commts>
		</level1>
	</TAG>

 
	<TAG>
		<level1>
			<fieldID>354</fieldID>

 			<fieldName>
				<hiddenName>EncodedIssuerLen</hiddenName>
				<shownName>EncodedIssuerLen</shownName>
			</fieldName>

			<reqd>N</reqd>

			<commts>Must be set if EncodedIssuer field is specified and must immediately precede it.
</commts>
		</level1>
	</TAG>

 
	<TAG>
		<level1>
			<fieldID>355</fieldID>

 			<fieldName>
				<hiddenName>EncodedIssuer</hiddenName>
				<shownName>EncodedIssuer</shownName>
			</fieldName>

			<reqd>N</reqd>

			<commts>Encoded (non-ASCII characters) representation of the Issuer field in the encoded format specified via the MessageEncoding field.
</commts>
		</level1>
	</TAG>

 
	<TAG>
		<level1>
			<fieldID>107</fieldID>

 			<fieldName>
				<hiddenName>SecurityDesc</hiddenName>
				<shownName>SecurityDesc</shownName>
			</fieldName>

			<reqd>N</reqd>

			<commts>Can be repeated multiple times if message is related to multiple symbols.
</commts>
		</level1>
	</TAG>

 
	<TAG>
		<level1>
			<fieldID>350</fieldID>

 			<fieldName>
				<hiddenName>EncodedSecurityDescLen</hiddenName>
				<shownName>EncodedSecurityDescLen</shownName>
			</fieldName>

			<reqd>N</reqd>

			<commts>Must be set if EncodedSecurityDesc field is specified and must immediately precede it.
</commts>
		</level1>
	</TAG>

 
	<TAG>
		<level1>
			<fieldID>351</fieldID>

 			<fieldName>
				<hiddenName>EncodedSecurityDesc</hiddenName>
				<shownName>EncodedSecurityDesc</shownName>
			</fieldName>

			<reqd>N</reqd>

			<commts>Encoded (non-ASCII characters) representation of the SecurityDesc field in the encoded format specified via the MessageEncoding field.
</commts>
		</level1>
	</TAG>

 
	<TAG>
		<level1>
			<fieldID>140</fieldID>

 			<fieldName>
				<hiddenName>PrevClosePx</hiddenName>
				<shownName>PrevClosePx</shownName>
			</fieldName>

			<reqd>N</reqd>

			<commts>Useful for verifying security identification
</commts>
		</level1>
	</TAG>

 
	<TAG>
		<level1>
			<fieldID>303</fieldID>

 			<fieldName>
				<hiddenName>QuoteRequestType</hiddenName>
				<shownName>QuoteRequestType</shownName>
			</fieldName>

			<reqd>N</reqd>

			<commts>Indicates the type of Quote Request (e.g. Manual vs. Automatic) being generated.
</commts>
		</level1>
	</TAG>

 
	<TAG>
		<level1>
			<fieldID>336</fieldID>

 			<fieldName>
				<hiddenName>TradingSessionID</hiddenName>
				<shownName>TradingSessionID</shownName>
			</fieldName>

			<reqd>N</reqd>

			<commts>
</commts>
		</level1>
	</TAG>

 
	<TAG>
		<level1>
			<fieldID>54</fieldID>

 			<fieldName>
				<hiddenName>Side</hiddenName>
				<shownName>Side</shownName>
			</fieldName>

			<reqd>N</reqd>

			<commts>If OrdType = &quot;Forex - Swap&quot;, should be the side of the future portion of a F/X swap
</commts>
		</level1>
	</TAG>

 
	<TAG>
		<level1>
			<fieldID>38</fieldID>

 			<fieldName>
				<hiddenName>OrderQty</hiddenName>
				<shownName>OrderQty</shownName>
			</fieldName>

			<reqd>N</reqd>

			<commts>
</commts>
		</level1>
	</TAG>

 
	<TAG>
		<level1>
			<fieldID>64</fieldID>

 			<fieldName>
				<hiddenName>FutSettDate</hiddenName>
				<shownName>FutSettDate</shownName>
			</fieldName>

			<reqd>N</reqd>

			<commts>Can be used with forex quotes to specify the desired &quot;value date&quot;
</commts>
		</level1>
	</TAG>

 
	<TAG>
		<level1>
			<fieldID>40</fieldID>

 			<fieldName>
				<hiddenName>OrdType</hiddenName>
				<shownName>OrdType</shownName>
			</fieldName>

			<reqd>N</reqd>

			<commts>Can be used to specify the type of order the quote request is for
</commts>
		</level1>
	</TAG>

 
	<TAG>
		<level1>
			<fieldID>193</fieldID>

 			<fieldName>
				<hiddenName>FutSettDate2</hiddenName>
				<shownName>FutSettDate2</shownName>
			</fieldName>

			<reqd>N</reqd>

			<commts>Can be used with OrdType = &quot;Forex - Swap&quot; to specify the &quot;value date&quot; for the future portion of a F/X swap.
</commts>
		</level1>
	</TAG>

 
	<TAG>
		<level1>
			<fieldID>192</fieldID>

 			<fieldName>
				<hiddenName>OrderQty2</hiddenName>
				<shownName>OrderQty2</shownName>
			</fieldName>

			<reqd>N</reqd>

			<commts>Can be used with OrdType = &quot;Forex - Swap&quot; to specify the order quantity  for the future portion of a F/X swap.
</commts>
		</level1>
	</TAG>

 
	<TAG>
		<level1>
			<fieldID>126</fieldID>

 			<fieldName>
				<hiddenName>ExpireTime</hiddenName>
				<shownName>ExpireTime</shownName>
			</fieldName>

			<reqd>N</reqd>

			<commts>The time when Quote Request will expire.
</commts>
		</level1>
	</TAG>

 
	<TAG>
		<level1>
			<fieldID>60</fieldID>

 			<fieldName>
				<hiddenName>TransactTime</hiddenName>
				<shownName>TransactTime</shownName>
			</fieldName>

			<reqd>N</reqd>

			<commts>Time transaction was entered
</commts>
		</level1>	</TAG>		</level0>	</TAG>

	<TAG>
		<level0>
			<fieldID> </fieldID>

 			<fieldName>
				<msgName>StandardTrailer</msgName>
				<shownName>Standard Trailer</shownName>
			</fieldName>

			<reqd>Y</reqd>

			<commts>
</commts>
		</level0>	</TAG>


</TAGS>
