<?xml version="1.0"?>
<?xml-stylesheet type="text/xsl" href="style3.xsl"?>
<TAGS xmlns="x-schema:schema.xml">  
 
 
<FileName>Resend Request</FileName> 

	<TAG>
		<level0>
			<fieldID> </fieldID>

 			<fieldName>
				<msgName>StandardHeader</msgName>
				<shownName>Standard Header</shownName>
			</fieldName>

			<reqd>Y</reqd>

			<commts>MsgType = 2
</commts>
		</level0>
	</TAG>

	<TAG>
		<level0>
			<fieldID>7</fieldID>

 			<fieldName>
				<hiddenName>BeginSeqNo</hiddenName>
				<shownName>BeginSeqNo</shownName>
			</fieldName>

			<reqd>Y</reqd>

			<commts>
</commts>
		</level0>
	</TAG>

	<TAG>
		<level0>
			<fieldID>16</fieldID>

 			<fieldName>
				<hiddenName>EndSeqNo</hiddenName>
				<shownName>EndSeqNo</shownName>
			</fieldName>

			<reqd>Y</reqd>

			<commts>
</commts>
		</level0>
	</TAG>

	<TAG>
		<level0>
			<fieldID> </fieldID>

 			<fieldName>
				<msgName>StandardTrailer</msgName>
				<shownName>Standard Trailer</shownName>
			</fieldName>

			<reqd>Y</reqd>

			<commts> 
</commts>
		</level0>	</TAG>


</TAGS>
