<?xml version="1.0"?>
<?xml-stylesheet type="text/xsl" href="style3.xsl"?>
<TAGS xmlns="x-schema:schema.xml">  
 
<FileName>Security Status</FileName>  
 

	<TAG>
		<level0>
			<fieldID> </fieldID>

 			<fieldName>
				<msgName>StandardHeader</msgName>
				<shownName>Standard Header</shownName>
			</fieldName>

			<reqd>Y</reqd>

			<commts>MsgType = f  (lowercase)
</commts>
		</level0>
	</TAG>

	<TAG>
		<level0>
			<fieldID>324</fieldID>

 			<fieldName>
				<hiddenName>SecurityStatusReqID</hiddenName>
				<shownName>SecurityStatusReqID</shownName>
			</fieldName>

			<reqd>N</reqd>

			<commts>
</commts>
		</level0>
	</TAG>

	<TAG>
		<level0>
			<fieldID>55</fieldID>

 			<fieldName>
				<hiddenName>Symbol</hiddenName>
				<shownName>Symbol</shownName>
			</fieldName>

			<reqd>Y</reqd>

			<commts>
</commts>
		</level0>
	</TAG>

	<TAG>
		<level0>
			<fieldID>65</fieldID>

 			<fieldName>
				<hiddenName>SymbolSfx</hiddenName>
				<shownName>SymbolSfx</shownName>
			</fieldName>

			<reqd>N</reqd>

			<commts>
</commts>
		</level0>
	</TAG>

	<TAG>
		<level0>
			<fieldID>48</fieldID>

 			<fieldName>
				<hiddenName>SecurityID</hiddenName>
				<shownName>SecurityID</shownName>
			</fieldName>

			<reqd>N</reqd>

			<commts>
</commts>
		</level0>
	</TAG>

	<TAG>
		<level0>
			<fieldID>22</fieldID>

 			<fieldName>
				<hiddenName>IDSource</hiddenName>
				<shownName>IDSource</shownName>
			</fieldName>

			<reqd>N</reqd>

			<commts>
</commts>
		</level0>
	</TAG>

	<TAG>
		<level0>
			<fieldID>167</fieldID>

 			<fieldName>
				<hiddenName>SecurityType</hiddenName>
				<shownName>SecurityType</shownName>
			</fieldName>

			<reqd>N</reqd>

			<commts>Must be specified if a Future or Option.  If a Future: Symbol, SecurityType, and MaturityMonthYear are required.  If an Option: Symbol, SecurityType, MaturityMonthYear, PutOrCall, and StrikePrice are required.
</commts>
		</level0>
	</TAG>

	<TAG>
		<level0>
			<fieldID>200</fieldID>

 			<fieldName>
				<hiddenName>MaturityMonthYear</hiddenName>
				<shownName>MaturityMonthYear</shownName>
			</fieldName>

			<reqd>N</reqd>

			<commts>For Options or Futures to specify the month and year of maturity.
</commts>
		</level0>
	</TAG>

	<TAG>
		<level0>
			<fieldID>205</fieldID>

 			<fieldName>
				<hiddenName>MaturityDay</hiddenName>
				<shownName>MaturityDay</shownName>
			</fieldName>

			<reqd>N</reqd>

			<commts>For Options or Futures and can be used in conjunction with MaturityMonthYear to specify a particular maturity date.
</commts>
		</level0>
	</TAG>

	<TAG>
		<level0>
			<fieldID>201</fieldID>

 			<fieldName>
				<hiddenName>PutOrCall</hiddenName>
				<shownName>PutOrCall</shownName>
			</fieldName>

			<reqd>N</reqd>

			<commts>For Options.
</commts>
		</level0>
	</TAG>

	<TAG>
		<level0>
			<fieldID>202</fieldID>

 			<fieldName>
				<hiddenName>StrikePrice</hiddenName>
				<shownName>StrikePrice</shownName>
			</fieldName>

			<reqd>N</reqd>

			<commts>For Options.
</commts>
		</level0>
	</TAG>

	<TAG>
		<level0>
			<fieldID>206</fieldID>

 			<fieldName>
				<hiddenName>OptAttribute</hiddenName>
				<shownName>OptAttribute</shownName>
			</fieldName>

			<reqd>N</reqd>

			<commts>For Options.
</commts>
		</level0>
	</TAG>

	<TAG>
		<level0>
			<fieldID>231</fieldID>

 			<fieldName>
				<hiddenName>ContractMultiplier</hiddenName>
				<shownName>ContractMultiplier</shownName>
			</fieldName>

			<reqd>N</reqd>

			<commts>For Fixed Income, Convertible Bonds, Derivatives, etc.  Note: If used, quantities should be expressed in the &quot;nominal&quot; (e.g. contracts vs. shares) amount.
</commts>
		</level0>
	</TAG>

	<TAG>
		<level0>
			<fieldID>223</fieldID>

 			<fieldName>
				<hiddenName>CouponRate</hiddenName>
				<shownName>CouponRate</shownName>
			</fieldName>

			<reqd>N</reqd>

			<commts>For Fixed Income.
</commts>
		</level0>
	</TAG>

	<TAG>
		<level0>
			<fieldID>207</fieldID>

 			<fieldName>
				<hiddenName>SecurityExchange</hiddenName>
				<shownName>SecurityExchange</shownName>
			</fieldName>

			<reqd>N</reqd>

			<commts>Can be used to identify the security.
</commts>
		</level0>
	</TAG>

	<TAG>
		<level0>
			<fieldID>106</fieldID>

 			<fieldName>
				<hiddenName>Issuer</hiddenName>
				<shownName>Issuer</shownName>
			</fieldName>

			<reqd>N</reqd>

			<commts>
</commts>
		</level0>
	</TAG>

	<TAG>
		<level0>
			<fieldID>348</fieldID>

 			<fieldName>
				<hiddenName>EncodedIssuerLen</hiddenName>
				<shownName>EncodedIssuerLen</shownName>
			</fieldName>

			<reqd>N</reqd>

			<commts>Must be set if EncodedIssuer field is specified and must immediately precede it.
</commts>
		</level0>
	</TAG>

	<TAG>
		<level0>
			<fieldID>349</fieldID>

 			<fieldName>
				<hiddenName>EncodedIssuer</hiddenName>
				<shownName>EncodedIssuer</shownName>
			</fieldName>

			<reqd>N</reqd>

			<commts>Encoded (non-ASCII characters) representation of the Issuer field in the encoded format specified via the MessageEncoding field.
</commts>
		</level0>
	</TAG>

	<TAG>
		<level0>
			<fieldID>107</fieldID>

 			<fieldName>
				<hiddenName>SecurityDesc</hiddenName>
				<shownName>SecurityDesc</shownName>
			</fieldName>

			<reqd>N</reqd>

			<commts>
</commts>
		</level0>
	</TAG>

	<TAG>
		<level0>
			<fieldID>350</fieldID>

 			<fieldName>
				<hiddenName>EncodedSecurityDescLen</hiddenName>
				<shownName>EncodedSecurityDescLen</shownName>
			</fieldName>

			<reqd>N</reqd>

			<commts>Must be set if EncodedSecurityDesc field is specified and must immediately precede it.
</commts>
		</level0>
	</TAG>

	<TAG>
		<level0>
			<fieldID>351</fieldID>

 			<fieldName>
				<hiddenName>EncodedSecurityDesc</hiddenName>
				<shownName>EncodedSecurityDesc</shownName>
			</fieldName>

			<reqd>N</reqd>

			<commts>Encoded (non-ASCII characters) representation of the SecurityDesc field in the encoded format specified via the MessageEncoding field.
</commts>
		</level0>
	</TAG>

	<TAG>
		<level0>
			<fieldID>15</fieldID>

 			<fieldName>
				<hiddenName>Currency</hiddenName>
				<shownName>Currency</shownName>
			</fieldName>

			<reqd>N</reqd>

			<commts>
</commts>
		</level0>
	</TAG>

	<TAG>
		<level0>
			<fieldID>336</fieldID>

 			<fieldName>
				<hiddenName>TradingSessionID</hiddenName>
				<shownName>TradingSessionID</shownName>
			</fieldName>

			<reqd>N</reqd>

			<commts>
</commts>
		</level0>
	</TAG>

	<TAG>
		<level0>
			<fieldID>325</fieldID>

 			<fieldName>
				<hiddenName>UnsolicitedIndicator</hiddenName>
				<shownName>UnsolicitedIndicator</shownName>
			</fieldName>

			<reqd>N</reqd>

			<commts>Set to 'Y' if message is sent as a result of a subscription request not a snapshot request
</commts>
		</level0>
	</TAG>

	<TAG>
		<level0>
			<fieldID>326</fieldID>

 			<fieldName>
				<hiddenName>SecurityTradingStatus</hiddenName>
				<shownName>SecurityTradingStatus</shownName>
			</fieldName>

			<reqd>N</reqd>

			<commts>Identifies the trading status applicable to the transaction.  
</commts>
		</level0>
	</TAG>

	<TAG>
		<level0>
			<fieldID>291</fieldID>

 			<fieldName>
				<hiddenName>FinancialStatus</hiddenName>
				<shownName>FinancialStatus</shownName>
			</fieldName>

			<reqd>N</reqd>

			<commts>
</commts>
		</level0>
	</TAG>

	<TAG>
		<level0>
			<fieldID>292</fieldID>

 			<fieldName>
				<hiddenName>CorporationAction</hiddenName>
				<shownName>CorporationAction</shownName>
			</fieldName>

			<reqd>N</reqd>

			<commts>
</commts>
		</level0>
	</TAG>

	<TAG>
		<level0>
			<fieldID>327</fieldID>

 			<fieldName>
				<hiddenName>HaltReason</hiddenName>
				<shownName>HaltReason</shownName>
			</fieldName>

			<reqd>N</reqd>

			<commts>Denotes the reason for the Opening Delay or Trading Halt.
</commts>
		</level0>
	</TAG>

	<TAG>
		<level0>
			<fieldID>328</fieldID>

 			<fieldName>
				<hiddenName>InViewOfCommon</hiddenName>
				<shownName>InViewOfCommon</shownName>
			</fieldName>

			<reqd>N</reqd>

			<commts>
</commts>
		</level0>
	</TAG>

	<TAG>
		<level0>
			<fieldID>329</fieldID>

 			<fieldName>
				<hiddenName>DueToRelated</hiddenName>
				<shownName>DueToRelated</shownName>
			</fieldName>

			<reqd>N</reqd>

			<commts>
</commts>
		</level0>
	</TAG>

	<TAG>
		<level0>
			<fieldID>330</fieldID>

 			<fieldName>
				<hiddenName>BuyVolume</hiddenName>
				<shownName>BuyVolume</shownName>
			</fieldName>

			<reqd>N</reqd>

			<commts>
</commts>
		</level0>
	</TAG>

	<TAG>
		<level0>
			<fieldID>331</fieldID>

 			<fieldName>
				<hiddenName>SellVolume</hiddenName>
				<shownName>SellVolume</shownName>
			</fieldName>

			<reqd>N</reqd>

			<commts>
</commts>
		</level0>
	</TAG>

	<TAG>
		<level0>
			<fieldID>332</fieldID>

 			<fieldName>
				<hiddenName>HighPx</hiddenName>
				<shownName>HighPx</shownName>
			</fieldName>

			<reqd>N</reqd>

			<commts>
</commts>
		</level0>
	</TAG>

	<TAG>
		<level0>
			<fieldID>333</fieldID>

 			<fieldName>
				<hiddenName>LowPx</hiddenName>
				<shownName>LowPx</shownName>
			</fieldName>

			<reqd>N</reqd>

			<commts>
</commts>
		</level0>
	</TAG>

	<TAG>
		<level0>
			<fieldID>31</fieldID>

 			<fieldName>
				<hiddenName>LastPx</hiddenName>
				<shownName>LastPx</shownName>
			</fieldName>

			<reqd>N</reqd>

			<commts>Represents the last price for that security either on a Consolidated or an individual participant basis at the time it is disseminated.
</commts>
		</level0>
	</TAG>

	<TAG>
		<level0>
			<fieldID>60</fieldID>

 			<fieldName>
				<hiddenName>TransactTime</hiddenName>
				<shownName>TransactTime</shownName>
			</fieldName>

			<reqd>N</reqd>

			<commts>Trade Dissemination Time
</commts>
		</level0>
	</TAG>

	<TAG>
		<level0>
			<fieldID>334</fieldID>

 			<fieldName>
				<hiddenName>Adjustment</hiddenName>
				<shownName>Adjustment</shownName>
			</fieldName>

			<reqd>N</reqd>

			<commts>
</commts>
		</level0>
	</TAG>

	<TAG>
		<level0>
			<fieldID> </fieldID>

 			<fieldName>
				<msgName>StandardTrailer</msgName>
				<shownName>Standard Trailer</shownName>
			</fieldName>

			<reqd>Y</reqd>

			<commts>
</commts>
		</level0>	</TAG>


</TAGS>
