<?xml version="1.0"?>
<?xml-stylesheet type="text/xsl" href="style3.xsl"?>
<TAGS xmlns="x-schema:schema.xml">  
 
 
<FileName>Trading Session Status Request</FileName>  

	<TAG>
		<level0>
			<fieldID> </fieldID>

 			<fieldName>
				<msgName>StandardHeader</msgName>
				<shownName>Standard Header</shownName>
			</fieldName>

			<reqd>Y</reqd>

			<commts>MsgType = g  (lowercase)
</commts>
		</level0>
	</TAG>

	<TAG>
		<level0>
			<fieldID>335</fieldID>

 			<fieldName>
				<hiddenName>TradSesReqID</hiddenName>
				<shownName>TradSesReqID</shownName>
			</fieldName>

			<reqd>Y</reqd>

			<commts>Must be unique, or the ID of previous Market Data Request to disable if SubscriptionRequestType = Disable previous Snapshot  + Updates Request (2).
</commts>
		</level0>
	</TAG>

	<TAG>
		<level0>
			<fieldID>336</fieldID>

 			<fieldName>
				<hiddenName>TradingSessionID</hiddenName>
				<shownName>TradingSessionID</shownName>
			</fieldName>

			<reqd>N</reqd>

			<commts>Trading Session for which status is being requested
</commts>
		</level0>
	</TAG>

	<TAG>
		<level0>
			<fieldID>338</fieldID>

 			<fieldName>
				<hiddenName>TradSesMethod</hiddenName>
				<shownName>TradSesMethod</shownName>
			</fieldName>

			<reqd>N</reqd>

			<commts>Method of trading
</commts>
		</level0>
	</TAG>

	<TAG>
		<level0>
			<fieldID>339</fieldID>

 			<fieldName>
				<hiddenName>TradSesMode</hiddenName>
				<shownName>TradSesMode</shownName>
			</fieldName>

			<reqd>N</reqd>

			<commts>Trading Session Mode
</commts>
		</level0>
	</TAG>

	<TAG>
		<level0>
			<fieldID>263</fieldID>

 			<fieldName>
				<hiddenName>SubscriptionRequestType</hiddenName>
				<shownName>SubscriptionRequestType</shownName>
			</fieldName>

			<reqd>Y</reqd>

			<commts>
</commts>
		</level0>
	</TAG>

	<TAG>
		<level0>
			<fieldID> </fieldID>

 			<fieldName>
				<msgName>StandardTrailer</msgName>
				<shownName>Standard Trailer</shownName>
			</fieldName>

			<reqd>Y</reqd>

			<commts>
</commts>
		</level0>	</TAG>


</TAGS>
