<?xml version="1.0"?>
<?xml-stylesheet type="text/xsl" href="style3.xsl"?>
<TAGS xmlns="x-schema:schema.xml">  
 
 
<FileName>Trading Session Status</FileName>  

	<TAG>
		<level0>
			<fieldID> </fieldID>

 			<fieldName>
				<msgName>StandardHeader</msgName>
				<shownName>Standard Header</shownName>
			</fieldName>

			<reqd>Y</reqd>

			<commts>MsgType = h  (lowercase)
</commts>
		</level0>
	</TAG>

	<TAG>
		<level0>
			<fieldID>335</fieldID>

 			<fieldName>
				<hiddenName>TradSesReqID</hiddenName>
				<shownName>TradSesReqID</shownName>
			</fieldName>

			<reqd>N</reqd>

			<commts>Provided for a response to a specific Trading Session Status Request message (snapshot).
</commts>
		</level0>
	</TAG>

	<TAG>
		<level0>
			<fieldID>336</fieldID>

 			<fieldName>
				<hiddenName>TradingSessionID</hiddenName>
				<shownName>TradingSessionID</shownName>
			</fieldName>

			<reqd>Y</reqd>

			<commts>Identifier for Trading Session
</commts>
		</level0>
	</TAG>

	<TAG>
		<level0>
			<fieldID>338</fieldID>

 			<fieldName>
				<hiddenName>TradSesMethod</hiddenName>
				<shownName>TradSesMethod</shownName>
			</fieldName>

			<reqd>N</reqd>

			<commts>Method of trading:
</commts>
		</level0>
	</TAG>

	<TAG>
		<level0>
			<fieldID>339</fieldID>

 			<fieldName>
				<hiddenName>TradSesMode</hiddenName>
				<shownName>TradSesMode</shownName>
			</fieldName>

			<reqd>N</reqd>

			<commts>Trading Session Mode
</commts>
		</level0>
	</TAG>

	<TAG>
		<level0>
			<fieldID>325</fieldID>

 			<fieldName>
				<hiddenName>UnsolicitedIndicator</hiddenName>
				<shownName>UnsolicitedIndicator</shownName>
			</fieldName>

			<reqd>N</reqd>

			<commts>'Y' if message is sent unsolicited as a result of a previous subscription request.
</commts>
		</level0>
	</TAG>

	<TAG>
		<level0>
			<fieldID>340</fieldID>

 			<fieldName>
				<hiddenName>TradSesStatus</hiddenName>
				<shownName>TradSesStatus</shownName>
			</fieldName>

			<reqd>Y</reqd>

			<commts>State of the trading session
</commts>
		</level0>
	</TAG>

	<TAG>
		<level0>
			<fieldID>341</fieldID>

 			<fieldName>
				<hiddenName>TradSesStartTime</hiddenName>
				<shownName>TradSesStartTime</shownName>
			</fieldName>

			<reqd>N</reqd>

			<commts>Starting time of the trading session
</commts>
		</level0>
	</TAG>

	<TAG>
		<level0>
			<fieldID>342</fieldID>

 			<fieldName>
				<hiddenName>TradSesOpenTime</hiddenName>
				<shownName>TradSesOpenTime</shownName>
			</fieldName>

			<reqd>N</reqd>

			<commts>Time of the opening of the trading session
</commts>
		</level0>
	</TAG>

	<TAG>
		<level0>
			<fieldID>343</fieldID>

 			<fieldName>
				<hiddenName>TradSesPreCloseTime</hiddenName>
				<shownName>TradSesPreCloseTime</shownName>
			</fieldName>

			<reqd>N</reqd>

			<commts>Time of the pre-close of the trading session
</commts>
		</level0>
	</TAG>

	<TAG>
		<level0>
			<fieldID>344</fieldID>

 			<fieldName>
				<hiddenName>TradSesCloseTime</hiddenName>
				<shownName>TradSesCloseTime</shownName>
			</fieldName>

			<reqd>N</reqd>

			<commts>Closing time of the trading session
</commts>
		</level0>
	</TAG>

	<TAG>
		<level0>
			<fieldID>345</fieldID>

 			<fieldName>
				<hiddenName>TradSesEndTime</hiddenName>
				<shownName>TradSesEndTime</shownName>
			</fieldName>

			<reqd>N</reqd>

			<commts>End time of the trading session
</commts>
		</level0>
	</TAG>

	<TAG>
		<level0>
			<fieldID>387</fieldID>

 			<fieldName>
				<hiddenName>TotalVolumeTraded</hiddenName>
				<shownName>TotalVolumeTraded</shownName>
			</fieldName>

			<reqd>N</reqd>

			<commts>
</commts>
		</level0>
	</TAG>

	<TAG>
		<level0>
			<fieldID>58</fieldID>

 			<fieldName>
				<hiddenName>Text</hiddenName>
				<shownName>Text</shownName>
			</fieldName>

			<reqd>N</reqd>

			<commts>
</commts>
		</level0>
	</TAG>

	<TAG>
		<level0>
			<fieldID>354</fieldID>

 			<fieldName>
				<hiddenName>EncodedTextLen</hiddenName>
				<shownName>EncodedTextLen</shownName>
			</fieldName>

			<reqd>N</reqd>

			<commts>Must be set if EncodedText field is specified and must immediately precede it.
</commts>
		</level0>
	</TAG>

	<TAG>
		<level0>
			<fieldID>355</fieldID>

 			<fieldName>
				<hiddenName>EncodedText</hiddenName>
				<shownName>EncodedText</shownName>
			</fieldName>

			<reqd>N</reqd>

			<commts>Encoded (non-ASCII characters) representation of the Text field in the encoded format specified via the MessageEncoding field.
</commts>
		</level0>
	</TAG>

	<TAG>
		<level0>
			<fieldID> </fieldID>

 			<fieldName>
				<msgName>StandardTrailer</msgName>
				<shownName>Standard Trailer</shownName>
			</fieldName>

			<reqd>Y</reqd>

			<commts>
</commts>
		</level0>	</TAG>


</TAGS>
